-- --------------------------------------------------------
-- Host:                         127.0.0.1
-- Server version:               8.0.30 - MySQL Community Server - GPL
-- Server OS:                    Win64
-- HeidiSQL Version:             12.1.0.6537
-- --------------------------------------------------------

/*!40101 SET @OLD_CHARACTER_SET_CLIENT=@@CHARACTER_SET_CLIENT */;
/*!40101 SET NAMES utf8 */;
/*!50503 SET NAMES utf8mb4 */;
/*!40103 SET @OLD_TIME_ZONE=@@TIME_ZONE */;
/*!40103 SET TIME_ZONE='+00:00' */;
/*!40014 SET @OLD_FOREIGN_KEY_CHECKS=@@FOREIGN_KEY_CHECKS, FOREIGN_KEY_CHECKS=0 */;
/*!40101 SET @OLD_SQL_MODE=@@SQL_MODE, SQL_MODE='NO_AUTO_VALUE_ON_ZERO' */;
/*!40111 SET @OLD_SQL_NOTES=@@SQL_NOTES, SQL_NOTES=0 */;

-- Dumping structure for table food_park.abouts
DROP TABLE IF EXISTS `abouts`;
CREATE TABLE IF NOT EXISTS `abouts` (
  `id` bigint unsigned NOT NULL AUTO_INCREMENT,
  `image` varchar(255) COLLATE utf8mb4_unicode_ci NOT NULL,
  `title` varchar(255) COLLATE utf8mb4_unicode_ci NOT NULL,
  `main_title` varchar(255) COLLATE utf8mb4_unicode_ci NOT NULL,
  `description` text COLLATE utf8mb4_unicode_ci NOT NULL,
  `video_link` text COLLATE utf8mb4_unicode_ci NOT NULL,
  `created_at` timestamp NULL DEFAULT NULL,
  `updated_at` timestamp NULL DEFAULT NULL,
  PRIMARY KEY (`id`)
) ENGINE=InnoDB AUTO_INCREMENT=2 DEFAULT CHARSET=utf8mb4 COLLATE=utf8mb4_unicode_ci;

-- Dumping data for table food_park.abouts: ~0 rows (approximately)
DELETE FROM `abouts`;
INSERT INTO `abouts` (`id`, `image`, `title`, `main_title`, `description`, `video_link`, `created_at`, `updated_at`) VALUES
	(1, '/uploads/media_650a8acf27d2a.jpg', 'About Company', 'Helathy Foods Provider', '<div class="fp__about_us_text">\r\n                        <p>Lorem, ipsum dolor sit amet consectetur adipisicing elit. Cupiditate aspernatur molestiae\r\n                            minima pariatur consequatur voluptate sapiente deleniti soluta, animi ab necessitatibus\r\n                            optio similique quasi fuga impedit corrupti obcaecati neque consequatur sequi.</p>\r\n                        <ul><li>Delicious & Healthy Foods </li><li>Spacific Family & Kids Zone</li><li>Best Price & Offers</li><li>Made By Fresh Ingredients</li><li>Music & Other Facilities</li><li>Delicious & Healthy Foods </li><li>Spacific Family & Kids Zone</li><li>Best Price & Offers</li><li>Made By Fresh Ingredients</li><li>Delicious & Healthy Foods </li></ul>\r\n                    </div><p></p>', 'https://www.youtube.com/watch?v=WSTf9Bja7is', '2023-09-20 00:01:51', '2023-09-20 00:02:46');

-- Dumping structure for table food_park.addresses
DROP TABLE IF EXISTS `addresses`;
CREATE TABLE IF NOT EXISTS `addresses` (
  `id` bigint unsigned NOT NULL AUTO_INCREMENT,
  `user_id` bigint unsigned NOT NULL,
  `delivery_area_id` bigint unsigned NOT NULL,
  `first_name` varchar(255) COLLATE utf8mb4_unicode_ci NOT NULL,
  `last_name` varchar(255) COLLATE utf8mb4_unicode_ci DEFAULT NULL,
  `email` varchar(255) COLLATE utf8mb4_unicode_ci NOT NULL,
  `phone` varchar(255) COLLATE utf8mb4_unicode_ci NOT NULL,
  `address` text COLLATE utf8mb4_unicode_ci NOT NULL,
  `type` varchar(255) COLLATE utf8mb4_unicode_ci NOT NULL,
  `created_at` timestamp NULL DEFAULT NULL,
  `updated_at` timestamp NULL DEFAULT NULL,
  PRIMARY KEY (`id`),
  KEY `addresses_user_id_foreign` (`user_id`),
  KEY `addresses_delivery_area_id_foreign` (`delivery_area_id`),
  CONSTRAINT `addresses_delivery_area_id_foreign` FOREIGN KEY (`delivery_area_id`) REFERENCES `delivery_areas` (`id`),
  CONSTRAINT `addresses_user_id_foreign` FOREIGN KEY (`user_id`) REFERENCES `users` (`id`) ON DELETE CASCADE
) ENGINE=InnoDB AUTO_INCREMENT=5 DEFAULT CHARSET=utf8mb4 COLLATE=utf8mb4_unicode_ci;

-- Dumping data for table food_park.addresses: ~4 rows (approximately)
DELETE FROM `addresses`;
INSERT INTO `addresses` (`id`, `user_id`, `delivery_area_id`, `first_name`, `last_name`, `email`, `phone`, `address`, `type`, `created_at`, `updated_at`) VALUES
	(1, 3, 1, 'Anastasia', 'ahmed', 'test@gmail.com', '+1 (106) 882-8138', '7232 Broadway Suite 308,', 'home', '2023-09-20 01:30:46', '2023-09-20 01:30:46'),
	(2, 3, 4, 'Anastasia', 'Abbott', 'test@gmail.com', '+1 (106) 882-8138', '172 Waterford Oaks', 'office', '2023-09-20 01:31:16', '2023-09-20 01:31:16'),
	(3, 2, 1, 'Anastasia', 'Avila', 'hello@gmaiol.com', '+1 (106) 882-8138', '232 Broadway Suite', 'home', '2023-09-20 22:16:59', '2023-09-20 22:16:59'),
	(4, 2, 3, 'Anastasia', 'Abbott', 'hello@gmaiol.com', '+1 (106) 882-8138', '453 Broadway Suite', 'office', '2023-09-20 22:17:26', '2023-09-20 22:17:26');

-- Dumping structure for table food_park.admin_menus
DROP TABLE IF EXISTS `admin_menus`;
CREATE TABLE IF NOT EXISTS `admin_menus` (
  `id` bigint unsigned NOT NULL AUTO_INCREMENT,
  `name` varchar(255) COLLATE utf8mb4_unicode_ci NOT NULL,
  `created_at` timestamp NULL DEFAULT NULL,
  `updated_at` timestamp NULL DEFAULT NULL,
  PRIMARY KEY (`id`)
) ENGINE=InnoDB AUTO_INCREMENT=5 DEFAULT CHARSET=utf8mb4 COLLATE=utf8mb4_unicode_ci;

-- Dumping data for table food_park.admin_menus: ~4 rows (approximately)
DELETE FROM `admin_menus`;
INSERT INTO `admin_menus` (`id`, `name`, `created_at`, `updated_at`) VALUES
	(1, 'main_menu', NULL, NULL),
	(2, 'footer_menu_one', '2023-09-12 23:31:22', '2023-09-12 23:31:22'),
	(3, 'footer_menu_two', '2023-09-12 23:34:53', '2023-09-12 23:34:53'),
	(4, 'footer_menu_three', '2023-09-12 23:35:29', '2023-09-12 23:35:29');

-- Dumping structure for table food_park.admin_menu_items
DROP TABLE IF EXISTS `admin_menu_items`;
CREATE TABLE IF NOT EXISTS `admin_menu_items` (
  `id` bigint unsigned NOT NULL AUTO_INCREMENT,
  `label` varchar(255) COLLATE utf8mb4_unicode_ci NOT NULL,
  `link` varchar(255) COLLATE utf8mb4_unicode_ci NOT NULL,
  `parent_id` bigint unsigned NOT NULL DEFAULT '0',
  `sort` int NOT NULL DEFAULT '0',
  `class` varchar(255) COLLATE utf8mb4_unicode_ci DEFAULT NULL,
  `menu_id` bigint unsigned NOT NULL,
  `depth` int NOT NULL DEFAULT '0',
  `created_at` timestamp NULL DEFAULT NULL,
  `updated_at` timestamp NULL DEFAULT NULL,
  PRIMARY KEY (`id`),
  KEY `admin_menu_items_menu_id_foreign` (`menu_id`),
  CONSTRAINT `admin_menu_items_menu_id_foreign` FOREIGN KEY (`menu_id`) REFERENCES `admin_menus` (`id`) ON DELETE CASCADE ON UPDATE CASCADE
) ENGINE=InnoDB AUTO_INCREMENT=26 DEFAULT CHARSET=utf8mb4 COLLATE=utf8mb4_unicode_ci;

-- Dumping data for table food_park.admin_menu_items: ~23 rows (approximately)
DELETE FROM `admin_menu_items`;
INSERT INTO `admin_menu_items` (`id`, `label`, `link`, `parent_id`, `sort`, `class`, `menu_id`, `depth`, `created_at`, `updated_at`) VALUES
	(2, 'Home', '/', 0, 2, NULL, 2, 0, '2023-09-13 00:00:59', '2023-09-13 00:14:43'),
	(3, 'About', '/about', 0, 1, NULL, 2, 0, '2023-09-13 00:02:18', '2023-09-21 02:49:28'),
	(4, 'Contact', '/contact', 0, 0, NULL, 2, 0, '2023-09-13 00:03:39', '2023-09-21 02:49:28'),
	(5, 'Our Service', '#', 0, 3, NULL, 2, 0, '2023-09-13 00:04:12', '2023-09-13 00:04:12'),
	(6, 'More About Us', '#', 0, 4, NULL, 2, 0, '2023-09-13 00:04:27', '2023-09-13 00:04:27'),
	(7, 'Trams and Condition', '/trams-and-conditions', 0, 3, NULL, 3, 0, '2023-09-13 00:56:59', '2023-09-13 01:00:59'),
	(8, 'Privacy Policy', '/privacy-policy', 0, 2, NULL, 3, 0, '2023-09-13 00:57:29', '2023-09-13 01:00:59'),
	(9, 'More', '#', 0, 4, NULL, 3, 0, '2023-09-13 00:59:45', '2023-09-13 01:00:59'),
	(10, 'Blogs', '/blogs', 0, 0, NULL, 3, 0, '2023-09-13 01:00:20', '2023-09-13 01:00:56'),
	(11, 'Chefs', '/chefs', 0, 1, NULL, 3, 0, '2023-09-13 01:00:41', '2023-09-13 01:01:05'),
	(12, 'Contact', '/contact', 0, 0, NULL, 4, 0, '2023-09-13 01:03:56', '2023-09-13 01:04:12'),
	(13, 'About', '/about', 0, 1, NULL, 4, 0, '2023-09-13 01:04:11', '2023-09-13 01:04:33'),
	(14, 'Blogs', '/bogs', 0, 3, NULL, 4, 0, '2023-09-13 01:04:33', '2023-09-13 01:04:33'),
	(15, 'Home', '/', 0, 0, NULL, 1, 0, '2023-09-13 01:21:58', '2023-09-21 05:00:54'),
	(16, 'About', '/about', 0, 3, NULL, 1, 0, '2023-09-13 01:22:20', '2023-09-20 21:10:47'),
	(17, 'Chefs', '/chef', 23, 6, NULL, 1, 1, '2023-09-13 01:22:49', '2023-09-20 21:10:06'),
	(18, 'Blogs', '/blogs', 0, 2, NULL, 1, 0, '2023-09-13 01:23:05', '2023-09-22 21:09:32'),
	(19, 'Contact', '/contact', 0, 4, NULL, 1, 0, '2023-09-13 01:23:23', '2023-09-20 21:10:06'),
	(20, 'Testimonials', '/testimonials', 23, 7, NULL, 1, 1, '2023-09-13 01:24:10', '2023-09-20 21:10:06'),
	(21, 'Privacy Policy', '/privacy-policy', 23, 8, NULL, 1, 1, '2023-09-13 01:24:53', '2023-09-20 21:10:06'),
	(22, 'Trams and Conditions', '/trams-and-conditions', 23, 9, NULL, 1, 1, '2023-09-13 01:25:15', '2023-09-20 21:10:06'),
	(23, 'Pages', '#', 0, 5, NULL, 1, 0, '2023-09-13 01:26:58', '2023-09-20 21:10:06'),
	(24, 'Products', '/products', 0, 1, NULL, 1, 0, '2023-09-13 01:26:58', '2023-09-21 05:00:54'),
	(25, 'Custom Page', '/page/custom-page', 0, 10, NULL, 1, 0, '2023-09-20 21:10:06', '2023-09-20 21:10:37');

-- Dumping structure for table food_park.app_download_sections
DROP TABLE IF EXISTS `app_download_sections`;
CREATE TABLE IF NOT EXISTS `app_download_sections` (
  `id` bigint unsigned NOT NULL AUTO_INCREMENT,
  `image` varchar(255) COLLATE utf8mb4_unicode_ci NOT NULL,
  `background` varchar(255) COLLATE utf8mb4_unicode_ci NOT NULL,
  `title` varchar(255) COLLATE utf8mb4_unicode_ci NOT NULL,
  `short_description` text COLLATE utf8mb4_unicode_ci NOT NULL,
  `play_store_link` varchar(255) COLLATE utf8mb4_unicode_ci DEFAULT NULL,
  `apple_store_link` varchar(255) COLLATE utf8mb4_unicode_ci DEFAULT NULL,
  `created_at` timestamp NULL DEFAULT NULL,
  `updated_at` timestamp NULL DEFAULT NULL,
  PRIMARY KEY (`id`)
) ENGINE=InnoDB AUTO_INCREMENT=2 DEFAULT CHARSET=utf8mb4 COLLATE=utf8mb4_unicode_ci;

-- Dumping data for table food_park.app_download_sections: ~0 rows (approximately)
DELETE FROM `app_download_sections`;
INSERT INTO `app_download_sections` (`id`, `image`, `background`, `title`, `short_description`, `play_store_link`, `apple_store_link`, `created_at`, `updated_at`) VALUES
	(1, '/uploads/media_650a82eb0939c.png', '/uploads/media_650a82eb09906.jpg', 'download our mobile apps', 'Lorem ipsum dolor, sit amet consectetur adipisicing elit. Cumque assumenda tenetur, provident earum consequatur, ut voluptas laboriosam fuga error aut eaque architecto quo pariatur. Vel dolore omnis quisquam. Lorem ipsum dolor, sit amet consectetur adipisicing elit Cumque.', 'https://websolutionus.com/', 'https://websolutionus.com/', '2023-09-19 23:28:11', '2023-09-19 23:28:11');

-- Dumping structure for table food_park.banner_sliders
DROP TABLE IF EXISTS `banner_sliders`;
CREATE TABLE IF NOT EXISTS `banner_sliders` (
  `id` bigint unsigned NOT NULL AUTO_INCREMENT,
  `title` varchar(255) COLLATE utf8mb4_unicode_ci NOT NULL,
  `sub_title` varchar(255) COLLATE utf8mb4_unicode_ci NOT NULL,
  `url` varchar(255) COLLATE utf8mb4_unicode_ci NOT NULL,
  `banner` varchar(255) COLLATE utf8mb4_unicode_ci NOT NULL,
  `status` tinyint(1) NOT NULL,
  `created_at` timestamp NULL DEFAULT NULL,
  `updated_at` timestamp NULL DEFAULT NULL,
  PRIMARY KEY (`id`)
) ENGINE=InnoDB AUTO_INCREMENT=5 DEFAULT CHARSET=utf8mb4 COLLATE=utf8mb4_unicode_ci;

-- Dumping data for table food_park.banner_sliders: ~4 rows (approximately)
DELETE FROM `banner_sliders`;
INSERT INTO `banner_sliders` (`id`, `title`, `sub_title`, `url`, `banner`, `status`, `created_at`, `updated_at`) VALUES
	(1, 'Fried Rice', 'Lorem ipsum dolor sit amet consectetur.', '#', '/uploads/media_650a80c5c4482.png', 1, '2023-09-19 23:19:01', '2023-09-19 23:19:01'),
	(2, 'Veggie Burger', 'Lorem ipsum dolor sit amet consectetur.', '#', '/uploads/media_650a80e997899.png', 1, '2023-09-19 23:19:37', '2023-09-19 23:19:37'),
	(3, 'Beef and Broccoli', 'Lorem ipsum dolor sit amet consectetur.', '#', '/uploads/media_650a811025fd2.png', 1, '2023-09-19 23:20:16', '2023-09-19 23:20:16'),
	(4, 'Chicken Wrap', 'Lorem ipsum dolor sit amet consectetur.', '#', '/uploads/media_650a8130b475d.png', 1, '2023-09-19 23:20:48', '2023-09-19 23:20:48');

-- Dumping structure for table food_park.blogs
DROP TABLE IF EXISTS `blogs`;
CREATE TABLE IF NOT EXISTS `blogs` (
  `id` bigint unsigned NOT NULL AUTO_INCREMENT,
  `user_id` bigint unsigned NOT NULL,
  `category_id` bigint unsigned NOT NULL,
  `image` varchar(255) COLLATE utf8mb4_unicode_ci NOT NULL,
  `title` varchar(255) COLLATE utf8mb4_unicode_ci NOT NULL,
  `slug` varchar(255) COLLATE utf8mb4_unicode_ci NOT NULL,
  `description` text COLLATE utf8mb4_unicode_ci NOT NULL,
  `seo_title` varchar(255) COLLATE utf8mb4_unicode_ci DEFAULT NULL,
  `seo_description` varchar(255) COLLATE utf8mb4_unicode_ci DEFAULT NULL,
  `status` tinyint(1) NOT NULL,
  `created_at` timestamp NULL DEFAULT NULL,
  `updated_at` timestamp NULL DEFAULT NULL,
  PRIMARY KEY (`id`),
  KEY `blogs_user_id_foreign` (`user_id`),
  KEY `blogs_category_id_foreign` (`category_id`),
  CONSTRAINT `blogs_category_id_foreign` FOREIGN KEY (`category_id`) REFERENCES `blog_categories` (`id`) ON DELETE CASCADE,
  CONSTRAINT `blogs_user_id_foreign` FOREIGN KEY (`user_id`) REFERENCES `users` (`id`) ON DELETE CASCADE
) ENGINE=InnoDB AUTO_INCREMENT=7 DEFAULT CHARSET=utf8mb4 COLLATE=utf8mb4_unicode_ci;

-- Dumping data for table food_park.blogs: ~6 rows (approximately)
DELETE FROM `blogs`;
INSERT INTO `blogs` (`id`, `user_id`, `category_id`, `image`, `title`, `slug`, `description`, `seo_title`, `seo_description`, `status`, `created_at`, `updated_at`) VALUES
	(1, 1, 1, '/uploads/media_650a885b0984c.jpg', 'Kitchen Hacks: Cook Like a Pro', 'kitchen-hacks-cook-like-a-pro', '<p>There are many variations of passages of Lorem Ipsum available, but the majority have\r\n                                ered alteration in some form, by injected humour, or randomised word which don\'t look\r\n                                even slightly believable. If you are going to use a passage of Lorem Ipsulm you need to\r\n                                sure there isn\'t anything embarrassing hidden in the middle of text.Erators on the Internet tend to repeat predefined chunks as necessiary, making this the\r\n                                true generator on the Internet. It uses a dictionary of over 200 Latin words, combinedss\r\n                                handful of model sentence structures</p><p>There are many variations of passages of Lorem Ipsum available, but the \r\nmajority have\r\n                                ered alteration in some form, by \r\ninjected humour, or randomised word which don\'t look\r\n                                even slightly believable. If you are \r\ngoing to use a passage of Lorem Ipsulm you need to\r\n                                sure there isn\'t anything embarrassing \r\nhidden in the middle of text.Erators on the Internet tend to repeat \r\npredefined chunks as necessiary, making this the\r\n                                true generator on the Internet. It uses a\r\n dictionary of over 200 Latin words, combinedss\r\n                                handful of model sentence structures</p><p>There are many variations of passages of Lorem Ipsum available, but the \r\nmajority have\r\n                                ered alteration in some form, by \r\ninjected humour, or randomised word which don\'t look\r\n                                even slightly believable. If you are \r\ngoing to use a passage of Lorem Ipsulm you need to\r\n                                sure there isn\'t anything embarrassing \r\nhidden in the middle of text.Erators on the Internet tend to repeat \r\npredefined chunks as necessiary, making this the\r\n                                true generator on the Internet. It uses a\r\n dictionary of over 200 Latin words, combinedss\r\n                                handful of model sentence structures</p><p>Sure there isn\'t anything embarrassing hidden in the middle of text. All the Lorem our\r\n                                asIpsum gen erators on the Internet tend to repeat predefined chunks as the as\r\n                                necessliary, making this the first\r\n                                true generator on the Internet. It uses a dictionary of over 200 our asliatin words,\r\n                                combined with a\r\n                                handful of model sentence structures</p>\r\n\r\n                            <ul class="blog_details_list"><li>It is a long established fact that a reader will be</li><li>There are many variations of passages</li><li>All the Lorem Ipsum generators</li><li>Asearch for \'lorem ipsum\' will uncover many </li></ul><p></p><p></p>', NULL, NULL, 1, '2023-09-19 23:51:23', '2023-09-19 23:51:23'),
	(2, 1, 2, '/uploads/media_650a88a6db383.jpg', 'Healthy Eating 101 - Tips and Tricks', 'healthy-eating-101-tips-and-tricks', '<p>There are many variations of passages of Lorem Ipsum available, but \r\nthe majority have\r\n                                ered alteration in some form, by \r\ninjected humour, or randomised word which don\'t look\r\n                                even slightly believable. If you are \r\ngoing to use a passage of Lorem Ipsulm you need to\r\n                                sure there isn\'t anything embarrassing \r\nhidden in the middle of text.Erators on the Internet tend to repeat \r\npredefined chunks as necessiary, making this the\r\n                                true generator on the Internet. It uses a\r\n dictionary of over 200 Latin words, combinedss\r\n                                handful of model sentence structures</p><p>There are many variations of passages of Lorem Ipsum available, but the \r\nmajority have\r\n                                ered alteration in some form, by \r\ninjected humour, or randomised word which don\'t look\r\n                                even slightly believable. If you are \r\ngoing to use a passage of Lorem Ipsulm you need to\r\n                                sure there isn\'t anything embarrassing \r\nhidden in the middle of text.Erators on the Internet tend to repeat \r\npredefined chunks as necessiary, making this the\r\n                                true generator on the Internet. It uses a\r\n dictionary of over 200 Latin words, combinedss\r\n                                handful of model sentence structures</p><p>There are many variations of passages of Lorem Ipsum available, but the \r\nmajority have\r\n                                ered alteration in some form, by \r\ninjected humour, or randomised word which don\'t look\r\n                                even slightly believable. If you are \r\ngoing to use a passage of Lorem Ipsulm you need to\r\n                                sure there isn\'t anything embarrassing \r\nhidden in the middle of text.Erators on the Internet tend to repeat \r\npredefined chunks as necessiary, making this the\r\n                                true generator on the Internet. It uses a\r\n dictionary of over 200 Latin words, combinedss\r\n                                handful of model sentence structures</p><p>Sure there isn\'t anything embarrassing hidden in the middle of text. All the Lorem our\r\n                                asIpsum gen erators on the Internet tend to repeat predefined chunks as the as\r\n                                necessliary, making this the first\r\n                                true generator on the Internet. It uses a dictionary of over 200 our asliatin words,\r\n                                combined with a\r\n                                handful of model sentence structures</p>\r\n\r\n                            <ul class="blog_details_list"><li>It is a long established fact that a reader will be</li><li>There are many variations of passages</li><li>All the Lorem Ipsum generators</li><li>Asearch for \'lorem ipsum\' will uncover many </li></ul><p></p><p><br></p><p></p>', NULL, NULL, 1, '2023-09-19 23:52:38', '2023-09-19 23:52:38'),
	(3, 1, 3, '/uploads/media_650a88c975cf6.jpg', 'Foodie Adventures: Exploring Global Flavors', 'foodie-adventures-exploring-global-flavors', '<p>There are many variations of passages of Lorem Ipsum available, but \r\nthe majority have\r\n                                ered alteration in some form, by \r\ninjected humour, or randomised word which don\'t look\r\n                                even slightly believable. If you are \r\ngoing to use a passage of Lorem Ipsulm you need to\r\n                                sure there isn\'t anything embarrassing \r\nhidden in the middle of text.Erators on the Internet tend to repeat \r\npredefined chunks as necessiary, making this the\r\n                                true generator on the Internet. It uses a\r\n dictionary of over 200 Latin words, combinedss\r\n                                handful of model sentence structures</p><p>There are many variations of passages of Lorem Ipsum available, but the \r\nmajority have\r\n                                ered alteration in some form, by \r\ninjected humour, or randomised word which don\'t look\r\n                                even slightly believable. If you are \r\ngoing to use a passage of Lorem Ipsulm you need to\r\n                                sure there isn\'t anything embarrassing \r\nhidden in the middle of text.Erators on the Internet tend to repeat \r\npredefined chunks as necessiary, making this the\r\n                                true generator on the Internet. It uses a\r\n dictionary of over 200 Latin words, combinedss\r\n                                handful of model sentence structures</p><p>There are many variations of passages of Lorem Ipsum available, but the \r\nmajority have\r\n                                ered alteration in some form, by \r\ninjected humour, or randomised word which don\'t look\r\n                                even slightly believable. If you are \r\ngoing to use a passage of Lorem Ipsulm you need to\r\n                                sure there isn\'t anything embarrassing \r\nhidden in the middle of text.Erators on the Internet tend to repeat \r\npredefined chunks as necessiary, making this the\r\n                                true generator on the Internet. It uses a\r\n dictionary of over 200 Latin words, combinedss\r\n                                handful of model sentence structures</p><p>Sure there isn\'t anything embarrassing hidden in the middle of text. All the Lorem our\r\n                                asIpsum gen erators on the Internet tend to repeat predefined chunks as the as\r\n                                necessliary, making this the first\r\n                                true generator on the Internet. It uses a dictionary of over 200 our asliatin words,\r\n                                combined with a\r\n                                handful of model sentence structures</p>\r\n\r\n                            <ul class="blog_details_list"><li>It is a long established fact that a reader will be</li><li>There are many variations of passages</li><li>All the Lorem Ipsum generators</li><li>Asearch for \'lorem ipsum\' will uncover many </li></ul><p></p><p><br></p><p></p>', NULL, NULL, 1, '2023-09-19 23:53:13', '2023-09-19 23:53:13'),
	(4, 1, 5, '/uploads/media_650a89009830f.jpg', 'The Art of Baking: Sweet and Savory Delights', 'the-art-of-baking-sweet-and-savory-delights', '<p>There are many variations of passages of Lorem Ipsum available, but \r\nthe majority have\r\n                                ered alteration in some form, by \r\ninjected humour, or randomised word which don\'t look\r\n                                even slightly believable. If you are \r\ngoing to use a passage of Lorem Ipsulm you need to\r\n                                sure there isn\'t anything embarrassing \r\nhidden in the middle of text.Erators on the Internet tend to repeat \r\npredefined chunks as necessiary, making this the\r\n                                true generator on the Internet. It uses a\r\n dictionary of over 200 Latin words, combinedss\r\n                                handful of model sentence structures</p><p>There are many variations of passages of Lorem Ipsum available, but the \r\nmajority have\r\n                                ered alteration in some form, by \r\ninjected humour, or randomised word which don\'t look\r\n                                even slightly believable. If you are \r\ngoing to use a passage of Lorem Ipsulm you need to\r\n                                sure there isn\'t anything embarrassing \r\nhidden in the middle of text.Erators on the Internet tend to repeat \r\npredefined chunks as necessiary, making this the\r\n                                true generator on the Internet. It uses a\r\n dictionary of over 200 Latin words, combinedss\r\n                                handful of model sentence structures</p><p>There are many variations of passages of Lorem Ipsum available, but the \r\nmajority have\r\n                                ered alteration in some form, by \r\ninjected humour, or randomised word which don\'t look\r\n                                even slightly believable. If you are \r\ngoing to use a passage of Lorem Ipsulm you need to\r\n                                sure there isn\'t anything embarrassing \r\nhidden in the middle of text.Erators on the Internet tend to repeat \r\npredefined chunks as necessiary, making this the\r\n                                true generator on the Internet. It uses a\r\n dictionary of over 200 Latin words, combinedss\r\n                                handful of model sentence structures</p><p>Sure there isn\'t anything embarrassing hidden in the middle of text. All the Lorem our\r\n                                asIpsum gen erators on the Internet tend to repeat predefined chunks as the as\r\n                                necessliary, making this the first\r\n                                true generator on the Internet. It uses a dictionary of over 200 our asliatin words,\r\n                                combined with a\r\n                                handful of model sentence structures</p>\r\n\r\n                            <ul class="blog_details_list"><li>It is a long established fact that a reader will be</li><li>There are many variations of passages</li><li>All the Lorem Ipsum generators</li><li>Asearch for \'lorem ipsum\' will uncover many </li></ul><p></p><p><br></p><p></p>', NULL, NULL, 1, '2023-09-19 23:54:08', '2023-09-19 23:54:08'),
	(5, 1, 2, '/uploads/media_650a894602b39.jpg', 'From Farm to Table: Fresh Ingredient Spotlight', 'from-farm-to-table-fresh-ingredient-spotlight', '<p>There are many variations of passages of Lorem Ipsum available, but \r\nthe majority have\r\n                                ered alteration in some form, by \r\ninjected humour, or randomised word which don\'t look\r\n                                even slightly believable. If you are \r\ngoing to use a passage of Lorem Ipsulm you need to\r\n                                sure there isn\'t anything embarrassing \r\nhidden in the middle of text.Erators on the Internet tend to repeat \r\npredefined chunks as necessiary, making this the\r\n                                true generator on the Internet. It uses a\r\n dictionary of over 200 Latin words, combinedss\r\n                                handful of model sentence structures</p><p>There are many variations of passages of Lorem Ipsum available, but the \r\nmajority have\r\n                                ered alteration in some form, by \r\ninjected humour, or randomised word which don\'t look\r\n                                even slightly believable. If you are \r\ngoing to use a passage of Lorem Ipsulm you need to\r\n                                sure there isn\'t anything embarrassing \r\nhidden in the middle of text.Erators on the Internet tend to repeat \r\npredefined chunks as necessiary, making this the\r\n                                true generator on the Internet. It uses a\r\n dictionary of over 200 Latin words, combinedss\r\n                                handful of model sentence structures</p><p>There are many variations of passages of Lorem Ipsum available, but the \r\nmajority have\r\n                                ered alteration in some form, by \r\ninjected humour, or randomised word which don\'t look\r\n                                even slightly believable. If you are \r\ngoing to use a passage of Lorem Ipsulm you need to\r\n                                sure there isn\'t anything embarrassing \r\nhidden in the middle of text.Erators on the Internet tend to repeat \r\npredefined chunks as necessiary, making this the\r\n                                true generator on the Internet. It uses a\r\n dictionary of over 200 Latin words, combinedss\r\n                                handful of model sentence structures</p><p>Sure there isn\'t anything embarrassing hidden in the middle of text. All the Lorem our\r\n                                asIpsum gen erators on the Internet tend to repeat predefined chunks as the as\r\n                                necessliary, making this the first\r\n                                true generator on the Internet. It uses a dictionary of over 200 our asliatin words,\r\n                                combined with a\r\n                                handful of model sentence structures</p>\r\n\r\n                            <ul class="blog_details_list"><li>It is a long established fact that a reader will be</li><li>There are many variations of passages</li><li>All the Lorem Ipsum generators</li><li>Asearch for \'lorem ipsum\' will uncover many </li></ul><p></p><p><br></p><p></p>', NULL, NULL, 1, '2023-09-19 23:55:18', '2023-09-19 23:55:18'),
	(6, 1, 5, '/uploads/media_650a8982aa811.jpg', 'Veggie Delights: A Vegetarian\'s Guide to Flavor', 'veggie-delights-a-vegetarians-guide-to-flavor', '<p>There are many variations of passages of Lorem Ipsum available, but \r\nthe majority have\r\n                                ered alteration in some form, by \r\ninjected humour, or randomised word which don\'t look\r\n                                even slightly believable. If you are \r\ngoing to use a passage of Lorem Ipsulm you need to\r\n                                sure there isn\'t anything embarrassing \r\nhidden in the middle of text.Erators on the Internet tend to repeat \r\npredefined chunks as necessiary, making this the\r\n                                true generator on the Internet. It uses a\r\n dictionary of over 200 Latin words, combinedss\r\n                                handful of model sentence structures</p><p>There are many variations of passages of Lorem Ipsum available, but the \r\nmajority have\r\n                                ered alteration in some form, by \r\ninjected humour, or randomised word which don\'t look\r\n                                even slightly believable. If you are \r\ngoing to use a passage of Lorem Ipsulm you need to\r\n                                sure there isn\'t anything embarrassing \r\nhidden in the middle of text.Erators on the Internet tend to repeat \r\npredefined chunks as necessiary, making this the\r\n                                true generator on the Internet. It uses a\r\n dictionary of over 200 Latin words, combinedss\r\n                                handful of model sentence structures</p><p>There are many variations of passages of Lorem Ipsum available, but the \r\nmajority have\r\n                                ered alteration in some form, by \r\ninjected humour, or randomised word which don\'t look\r\n                                even slightly believable. If you are \r\ngoing to use a passage of Lorem Ipsulm you need to\r\n                                sure there isn\'t anything embarrassing \r\nhidden in the middle of text.Erators on the Internet tend to repeat \r\npredefined chunks as necessiary, making this the\r\n                                true generator on the Internet. It uses a\r\n dictionary of over 200 Latin words, combinedss\r\n                                handful of model sentence structures</p><p>Sure there isn\'t anything embarrassing hidden in the middle of text. All the Lorem our\r\n                                asIpsum gen erators on the Internet tend to repeat predefined chunks as the as\r\n                                necessliary, making this the first\r\n                                true generator on the Internet. It uses a dictionary of over 200 our asliatin words,\r\n                                combined with a\r\n                                handful of model sentence structures</p>\r\n\r\n                            <ul class="blog_details_list"><li>It is a long established fact that a reader will be</li><li>There are many variations of passages</li><li>All the Lorem Ipsum generators</li><li>Asearch for \'lorem ipsum\' will uncover many </li></ul><p></p><p><br></p><p></p>', NULL, NULL, 1, '2023-09-19 23:56:18', '2023-09-19 23:56:18');

-- Dumping structure for table food_park.blog_categories
DROP TABLE IF EXISTS `blog_categories`;
CREATE TABLE IF NOT EXISTS `blog_categories` (
  `id` bigint unsigned NOT NULL AUTO_INCREMENT,
  `name` varchar(255) COLLATE utf8mb4_unicode_ci NOT NULL,
  `slug` varchar(255) COLLATE utf8mb4_unicode_ci NOT NULL,
  `status` tinyint(1) NOT NULL,
  `created_at` timestamp NULL DEFAULT NULL,
  `updated_at` timestamp NULL DEFAULT NULL,
  PRIMARY KEY (`id`)
) ENGINE=InnoDB AUTO_INCREMENT=6 DEFAULT CHARSET=utf8mb4 COLLATE=utf8mb4_unicode_ci;

-- Dumping data for table food_park.blog_categories: ~4 rows (approximately)
DELETE FROM `blog_categories`;
INSERT INTO `blog_categories` (`id`, `name`, `slug`, `status`, `created_at`, `updated_at`) VALUES
	(1, 'Fruits', 'fruits', 1, '2023-09-19 23:39:27', '2023-09-19 23:39:27'),
	(2, 'Vegetables', 'vegetables', 1, '2023-09-19 23:39:35', '2023-09-19 23:39:35'),
	(3, 'Grains', 'grains', 1, '2023-09-19 23:39:44', '2023-09-19 23:39:44'),
	(4, 'Dairy Products', 'dairy-products', 1, '2023-09-19 23:39:53', '2023-09-19 23:39:53'),
	(5, 'Proteins', 'proteins', 1, '2023-09-19 23:40:02', '2023-09-19 23:40:02');

-- Dumping structure for table food_park.blog_comments
DROP TABLE IF EXISTS `blog_comments`;
CREATE TABLE IF NOT EXISTS `blog_comments` (
  `id` bigint unsigned NOT NULL AUTO_INCREMENT,
  `blog_id` bigint unsigned NOT NULL,
  `user_id` bigint unsigned NOT NULL,
  `comment` text COLLATE utf8mb4_unicode_ci NOT NULL,
  `status` tinyint(1) NOT NULL DEFAULT '0',
  `created_at` timestamp NULL DEFAULT NULL,
  `updated_at` timestamp NULL DEFAULT NULL,
  PRIMARY KEY (`id`),
  KEY `blog_comments_blog_id_foreign` (`blog_id`),
  CONSTRAINT `blog_comments_blog_id_foreign` FOREIGN KEY (`blog_id`) REFERENCES `blogs` (`id`) ON DELETE CASCADE
) ENGINE=InnoDB DEFAULT CHARSET=utf8mb4 COLLATE=utf8mb4_unicode_ci;

-- Dumping data for table food_park.blog_comments: ~0 rows (approximately)
DELETE FROM `blog_comments`;

-- Dumping structure for table food_park.categories
DROP TABLE IF EXISTS `categories`;
CREATE TABLE IF NOT EXISTS `categories` (
  `id` bigint unsigned NOT NULL AUTO_INCREMENT,
  `name` varchar(255) COLLATE utf8mb4_unicode_ci NOT NULL,
  `slug` varchar(255) COLLATE utf8mb4_unicode_ci NOT NULL,
  `status` tinyint(1) NOT NULL DEFAULT '1',
  `show_at_home` tinyint(1) NOT NULL DEFAULT '0',
  `created_at` timestamp NULL DEFAULT NULL,
  `updated_at` timestamp NULL DEFAULT NULL,
  PRIMARY KEY (`id`)
) ENGINE=InnoDB AUTO_INCREMENT=5 DEFAULT CHARSET=utf8mb4 COLLATE=utf8mb4_unicode_ci;

-- Dumping data for table food_park.categories: ~4 rows (approximately)
DELETE FROM `categories`;
INSERT INTO `categories` (`id`, `name`, `slug`, `status`, `show_at_home`, `created_at`, `updated_at`) VALUES
	(1, 'Burger', 'burger', 1, 1, '2023-09-19 22:15:46', '2023-09-19 22:15:46'),
	(2, 'Chicken', 'chicken', 1, 1, '2023-09-19 22:16:22', '2023-09-19 22:16:22'),
	(3, 'Pizza', 'pizza', 1, 1, '2023-09-19 22:16:56', '2023-09-19 22:16:56'),
	(4, 'Dresserts', 'dresserts', 1, 1, '2023-09-19 22:17:21', '2023-09-19 22:17:21');

-- Dumping structure for table food_park.chats
DROP TABLE IF EXISTS `chats`;
CREATE TABLE IF NOT EXISTS `chats` (
  `id` bigint unsigned NOT NULL AUTO_INCREMENT,
  `sender_id` bigint unsigned NOT NULL,
  `receiver_id` bigint unsigned NOT NULL,
  `message` text COLLATE utf8mb4_unicode_ci NOT NULL,
  `seen` tinyint(1) NOT NULL DEFAULT '0',
  `created_at` timestamp NULL DEFAULT NULL,
  `updated_at` timestamp NULL DEFAULT NULL,
  PRIMARY KEY (`id`)
) ENGINE=InnoDB AUTO_INCREMENT=11 DEFAULT CHARSET=utf8mb4 COLLATE=utf8mb4_unicode_ci;

-- Dumping data for table food_park.chats: ~9 rows (approximately)
DELETE FROM `chats`;
INSERT INTO `chats` (`id`, `sender_id`, `receiver_id`, `message`, `seen`, `created_at`, `updated_at`) VALUES
	(1, 3, 1, 'Hi', 1, '2023-09-20 01:35:41', '2023-09-20 01:36:26'),
	(2, 3, 1, 'What is the status of my product?', 1, '2023-09-20 01:35:53', '2023-09-20 01:36:26'),
	(3, 1, 3, 'your order is proccessing..', 1, '2023-09-20 01:36:50', '2023-09-20 01:41:11'),
	(4, 3, 1, 'how long it will take to deliver ?', 1, '2023-09-20 01:37:14', '2023-09-20 01:38:06'),
	(5, 1, 3, '1-2 days', 1, '2023-09-20 01:37:42', '2023-09-20 01:41:11'),
	(6, 3, 1, 'Thanks.', 1, '2023-09-20 01:37:54', '2023-09-20 01:38:06'),
	(7, 1, 3, '👍✨', 1, '2023-09-20 01:38:36', '2023-09-20 01:41:11'),
	(8, 2, 1, 'Hellloooo!', 1, '2023-09-20 23:03:23', '2023-09-21 02:45:55'),
	(9, 2, 1, 'hello', 1, '2023-09-21 02:34:25', '2023-09-21 02:45:55'),
	(10, 1, 3, 'hy', 0, '2023-09-21 02:46:14', '2023-09-21 02:46:14');

-- Dumping structure for table food_park.chefs
DROP TABLE IF EXISTS `chefs`;
CREATE TABLE IF NOT EXISTS `chefs` (
  `id` bigint unsigned NOT NULL AUTO_INCREMENT,
  `image` varchar(255) COLLATE utf8mb4_unicode_ci NOT NULL,
  `name` varchar(255) COLLATE utf8mb4_unicode_ci NOT NULL,
  `title` varchar(255) COLLATE utf8mb4_unicode_ci NOT NULL,
  `fb` varchar(255) COLLATE utf8mb4_unicode_ci DEFAULT NULL,
  `in` varchar(255) COLLATE utf8mb4_unicode_ci DEFAULT NULL,
  `x` varchar(255) COLLATE utf8mb4_unicode_ci DEFAULT NULL,
  `web` varchar(255) COLLATE utf8mb4_unicode_ci DEFAULT NULL,
  `show_at_home` tinyint(1) NOT NULL DEFAULT '0',
  `status` tinyint(1) NOT NULL DEFAULT '1',
  `created_at` timestamp NULL DEFAULT NULL,
  `updated_at` timestamp NULL DEFAULT NULL,
  PRIMARY KEY (`id`)
) ENGINE=InnoDB AUTO_INCREMENT=6 DEFAULT CHARSET=utf8mb4 COLLATE=utf8mb4_unicode_ci;

-- Dumping data for table food_park.chefs: ~4 rows (approximately)
DELETE FROM `chefs`;
INSERT INTO `chefs` (`id`, `image`, `name`, `title`, `fb`, `in`, `x`, `web`, `show_at_home`, `status`, `created_at`, `updated_at`) VALUES
	(1, '/uploads/media_650a81c9c22f8.jpg', 'rajib khan', 'senior chef', 'https://facebook.com', 'https://facebook.com', 'https://facebook.com', 'https://facebook.com', 1, 1, '2023-09-19 23:23:21', '2023-09-19 23:23:21'),
	(2, '/uploads/media_650a81e93c593.jpg', 'mahmud hassan', 'senior chef', 'https://facebook.com', 'https://facebook.com', 'https://facebook.com', 'https://facebook.com', 1, 1, '2023-09-19 23:23:53', '2023-09-19 23:23:53'),
	(3, '/uploads/media_650a8213e4b4d.jpg', 'ayerin ira', 'senior chef', 'https://facebook.com', 'https://facebook.com', 'https://facebook.com', 'https://facebook.com', 1, 1, '2023-09-19 23:24:35', '2023-09-19 23:24:35'),
	(4, '/uploads/media_650a82443f255.jpg', 'sima ahmed', 'senior chef', 'https://facebook.com', 'https://facebook.com', 'https://facebook.com', 'https://facebook.com', 1, 1, '2023-09-19 23:25:24', '2023-09-19 23:25:24'),
	(5, '/uploads/media_650a8263a73d5.jpg', 'sathi akter', 'senior chef', 'https://facebook.com', 'https://facebook.com', 'https://facebook.com', 'https://facebook.com', 1, 1, '2023-09-19 23:25:55', '2023-09-19 23:25:55');

-- Dumping structure for table food_park.contacts
DROP TABLE IF EXISTS `contacts`;
CREATE TABLE IF NOT EXISTS `contacts` (
  `id` bigint unsigned NOT NULL AUTO_INCREMENT,
  `phone_one` varchar(255) COLLATE utf8mb4_unicode_ci DEFAULT NULL,
  `phone_two` varchar(255) COLLATE utf8mb4_unicode_ci DEFAULT NULL,
  `mail_one` varchar(255) COLLATE utf8mb4_unicode_ci DEFAULT NULL,
  `mail_two` varchar(255) COLLATE utf8mb4_unicode_ci DEFAULT NULL,
  `address` text COLLATE utf8mb4_unicode_ci,
  `map_link` text COLLATE utf8mb4_unicode_ci,
  `created_at` timestamp NULL DEFAULT NULL,
  `updated_at` timestamp NULL DEFAULT NULL,
  PRIMARY KEY (`id`)
) ENGINE=InnoDB AUTO_INCREMENT=2 DEFAULT CHARSET=utf8mb4 COLLATE=utf8mb4_unicode_ci;

-- Dumping data for table food_park.contacts: ~0 rows (approximately)
DELETE FROM `contacts`;
INSERT INTO `contacts` (`id`, `phone_one`, `phone_two`, `mail_one`, `mail_two`, `address`, `map_link`, `created_at`, `updated_at`) VALUES
	(1, '+1347-430-9510', '+9658745554002', 'websolutionus1@gmail.com', 'example@gmail.com', '7232 Broadway Suite 308, Jackson Heights, 11372, NY, United States', 'https://www.google.com/maps/embed?pb=!1m18!1m12!1m3!1d29199.78758207035!2d90.43684581929195!3d23.819543211524437!2m3!1f0!2f0!3f0!3m2!1i1024!2i768!4f13.1!3m3!1m2!1s0x3755c62fce7d991f%3A0xacfaf1ac8e944c05!2sBasundhara%20Residential%20Area%2C%20Dhaka!5e0!3m2!1sen!2sbd!4v1667021568123!5m2!1sen!2sbd', '2023-09-20 00:12:45', '2023-09-20 00:12:45');

-- Dumping structure for table food_park.counters
DROP TABLE IF EXISTS `counters`;
CREATE TABLE IF NOT EXISTS `counters` (
  `id` bigint unsigned NOT NULL AUTO_INCREMENT,
  `background` varchar(255) COLLATE utf8mb4_unicode_ci NOT NULL,
  `counter_icon_one` varchar(255) COLLATE utf8mb4_unicode_ci NOT NULL,
  `counter_count_one` varchar(255) COLLATE utf8mb4_unicode_ci NOT NULL,
  `counter_name_one` varchar(255) COLLATE utf8mb4_unicode_ci NOT NULL,
  `counter_icon_two` varchar(255) COLLATE utf8mb4_unicode_ci NOT NULL,
  `counter_count_two` varchar(255) COLLATE utf8mb4_unicode_ci NOT NULL,
  `counter_name_two` varchar(255) COLLATE utf8mb4_unicode_ci NOT NULL,
  `counter_icon_three` varchar(255) COLLATE utf8mb4_unicode_ci NOT NULL,
  `counter_count_three` varchar(255) COLLATE utf8mb4_unicode_ci NOT NULL,
  `counter_name_three` varchar(255) COLLATE utf8mb4_unicode_ci NOT NULL,
  `counter_icon_four` varchar(255) COLLATE utf8mb4_unicode_ci NOT NULL,
  `counter_count_four` varchar(255) COLLATE utf8mb4_unicode_ci NOT NULL,
  `counter_name_four` varchar(255) COLLATE utf8mb4_unicode_ci NOT NULL,
  `created_at` timestamp NULL DEFAULT NULL,
  `updated_at` timestamp NULL DEFAULT NULL,
  PRIMARY KEY (`id`)
) ENGINE=InnoDB AUTO_INCREMENT=2 DEFAULT CHARSET=utf8mb4 COLLATE=utf8mb4_unicode_ci;

-- Dumping data for table food_park.counters: ~0 rows (approximately)
DELETE FROM `counters`;
INSERT INTO `counters` (`id`, `background`, `counter_icon_one`, `counter_count_one`, `counter_name_one`, `counter_icon_two`, `counter_count_two`, `counter_name_two`, `counter_icon_three`, `counter_count_three`, `counter_name_three`, `counter_icon_four`, `counter_count_four`, `counter_name_four`, `created_at`, `updated_at`) VALUES
	(1, '/uploads/media_650a85261f08f.jpg', 'fas fa-box', '500', 'customer serve', 'fas fa-user', '100', 'experience chef', 'fas fa-handshake', '100', 'happy customer', 'fas fa-trophy', '100', 'winning award', '2023-09-19 23:37:42', '2023-09-20 04:51:56');

-- Dumping structure for table food_park.coupons
DROP TABLE IF EXISTS `coupons`;
CREATE TABLE IF NOT EXISTS `coupons` (
  `id` bigint unsigned NOT NULL AUTO_INCREMENT,
  `name` varchar(255) COLLATE utf8mb4_unicode_ci NOT NULL,
  `code` varchar(255) COLLATE utf8mb4_unicode_ci NOT NULL,
  `quantity` int NOT NULL,
  `min_purchase_amount` int NOT NULL DEFAULT '0',
  `expire_date` date NOT NULL,
  `discount_type` enum('percent','amount') COLLATE utf8mb4_unicode_ci NOT NULL,
  `discount` double NOT NULL,
  `status` tinyint(1) NOT NULL,
  `created_at` timestamp NULL DEFAULT NULL,
  `updated_at` timestamp NULL DEFAULT NULL,
  PRIMARY KEY (`id`)
) ENGINE=InnoDB AUTO_INCREMENT=2 DEFAULT CHARSET=utf8mb4 COLLATE=utf8mb4_unicode_ci;

-- Dumping data for table food_park.coupons: ~0 rows (approximately)
DELETE FROM `coupons`;
INSERT INTO `coupons` (`id`, `name`, `code`, `quantity`, `min_purchase_amount`, `expire_date`, `discount_type`, `discount`, `status`, `created_at`, `updated_at`) VALUES
	(1, '20 % Off', 'super20', 1000, 10, '2024-09-17', 'percent', 20, 1, '2023-09-19 23:13:20', '2023-09-19 23:13:20');

-- Dumping structure for table food_park.custom_page_builders
DROP TABLE IF EXISTS `custom_page_builders`;
CREATE TABLE IF NOT EXISTS `custom_page_builders` (
  `id` bigint unsigned NOT NULL AUTO_INCREMENT,
  `name` varchar(255) COLLATE utf8mb4_unicode_ci NOT NULL,
  `slug` varchar(255) COLLATE utf8mb4_unicode_ci NOT NULL,
  `content` text COLLATE utf8mb4_unicode_ci NOT NULL,
  `status` tinyint(1) NOT NULL,
  `created_at` timestamp NULL DEFAULT NULL,
  `updated_at` timestamp NULL DEFAULT NULL,
  PRIMARY KEY (`id`)
) ENGINE=InnoDB AUTO_INCREMENT=2 DEFAULT CHARSET=utf8mb4 COLLATE=utf8mb4_unicode_ci;

-- Dumping data for table food_park.custom_page_builders: ~0 rows (approximately)
DELETE FROM `custom_page_builders`;
INSERT INTO `custom_page_builders` (`id`, `name`, `slug`, `content`, `status`, `created_at`, `updated_at`) VALUES
	(1, 'Custom Page', 'custom-page', '<h3>This is a custom page :</h3>\r\n                        <p>Lorem ipsum dolor sit amet consectetur adipisicing elit. Ad, repellendus! Nesciunt fugit\r\n                            aliquam\r\n                            doloremque velit ullam quos ad et magnam aperiam eum vero unde cum reprehenderit porro\r\n                            consectetur voluptatum, veritatis blanditiis. Repellendus veritatis fugit maxime nostrum\r\n                            quod\r\n                            ipsum, quibusdam, a omnis quam aperiam pariatur consectetur est perspiciatis. Laboriosam\r\n                            praesentium id asperiores cumque debitis, ex adipisci? Impedit temporibus labore dolores\r\n                            iusto\r\n                            error nobis, porro hic iure placeat, sint esse corporis, quibusdam adipisci magni non minus\r\n                            quo\r\n                            quae repudiandae earum facere eum ad qui voluptatum eaque.</p>\r\n                        <h3>Main responsibilities:</h3>\r\n                        <ul><li>Solve the problem with code.</li><li>Work on Client\'s projects &amp; In-house products as well.</li><li>Analyze the product\'s needs and find out the best solutions.</li><li>Work as a team and lead the junior developer.</li><li>Collaborate with other teams by providing code review and technical direction.</li></ul>\r\n                        <p>Lorem ipsum dolor sit amet consectetur adipisicing elit. Ad, repellendus! Nesciunt fugit\r\n                            aliquam doloremque velit ullam quos ad et magnam aperiam eum vero unde cum reprehenderit\r\n                            porro consectetur voluptatum, veritatis blanditiis. Repellendus veritatis fugit maxime\r\n                            nostrum quod ipsum, quibusdam, a omnis quam aperiam pariatur</p>\r\n                        <p>Lorem ipsum dolor sit amet consectetur adipisicing elit. Ad, repellendus! Nesciunt fugit\r\n                            aliquam\r\n                            doloremque velit ullam quos ad et magnam aperiam eum vero unde cum reprehenderit porro\r\n                            consectetur voluptatum, veritatis blanditiis. Repellendus veritatis fugit maxime nostrum\r\n                            quod\r\n                            ipsum, quibusdam, a omnis quam aperiam pariatur consectetur est perspiciatis. Laboriosam\r\n                            praesentium id asperiores cumque debitis, ex adipisci? Impedit temporibus labore dolores\r\n                            iusto\r\n                            error nobis, porro hic iure placeat, sint esse corporis, quibusdam adipisci magni non minus\r\n                            quo\r\n                            quae repudiandae earum facere eum ad qui voluptatum eaque.</p>\r\n                        <p>Lorem ipsum dolor sit amet consectetur adipisicing elit. Ad, repellendus! Nesciunt fugit\r\n                            aliquam doloremque velit ullam quos ad et magnam aperiam eum vero unde cum reprehenderit\r\n                            porro consectetur voluptatum, veritatis blanditiis. Repellendus veritatis fugit maxime\r\n                            nostrum quod ipsum, quibusdam, a omnis quam aperiam pariatur</p>\r\n                        <ul><li>Solve the problem with code.</li><li>Work on Client\'s projects &amp; In-house products as well.</li><li>Analyze the product\'s needs and find out the best solutions.</li><li>Work as a team and lead the junior developer.</li><li>Collaborate with other teams by providing code review and technical direction.</li></ul>\r\n                        <p>Lorem ipsum dolor sit amet consectetur adipisicing elit. Ad, repellendus! Nesciunt fugit\r\n                            aliquam\r\n                            doloremque velit ullam quos ad et magnam aperiam eum vero unde cum reprehenderit porro\r\n                            consectetur voluptatum, veritatis blanditiis. Repellendus veritatis fugit maxime nostrum\r\n                            quod\r\n                            ipsum, quibusdam, a omnis quam aperiam pariatur consectetur est perspiciatis. Laboriosam\r\n                            praesentium id asperiores cumque debitis, ex adipisci? Impedit temporibus labore dolores\r\n                            iusto\r\n                            error nobis, porro hic iure placeat, sint esse corporis, quibusdam adipisci magni non minus\r\n                            quo\r\n                            quae repudiandae earum facere eum ad qui voluptatum eaque.</p>\r\n                        <p>Lorem ipsum dolor sit amet consectetur adipisicing elit. Ad, repellendus! Nesciunt fugit\r\n                            aliquam doloremque velit ullam quos ad et magnam aperiam eum vero unde cum reprehenderit\r\n                            porro consectetur voluptatum, veritatis blanditiis. Repellendus veritatis fugit maxime\r\n                            nostrum quod ipsum, quibusdam, a omnis quam aperiam pariatur</p><p></p>', 1, '2023-09-20 21:09:24', '2023-09-20 21:09:24');

-- Dumping structure for table food_park.daily_offers
DROP TABLE IF EXISTS `daily_offers`;
CREATE TABLE IF NOT EXISTS `daily_offers` (
  `id` bigint unsigned NOT NULL AUTO_INCREMENT,
  `product_id` bigint unsigned NOT NULL,
  `status` tinyint(1) NOT NULL DEFAULT '1',
  `created_at` timestamp NULL DEFAULT NULL,
  `updated_at` timestamp NULL DEFAULT NULL,
  PRIMARY KEY (`id`),
  KEY `daily_offers_product_id_foreign` (`product_id`),
  CONSTRAINT `daily_offers_product_id_foreign` FOREIGN KEY (`product_id`) REFERENCES `products` (`id`) ON DELETE CASCADE
) ENGINE=InnoDB AUTO_INCREMENT=6 DEFAULT CHARSET=utf8mb4 COLLATE=utf8mb4_unicode_ci;

-- Dumping data for table food_park.daily_offers: ~4 rows (approximately)
DELETE FROM `daily_offers`;
INSERT INTO `daily_offers` (`id`, `product_id`, `status`, `created_at`, `updated_at`) VALUES
	(1, 6, 1, '2023-09-19 23:13:53', '2023-09-19 23:13:53'),
	(2, 18, 1, '2023-09-19 23:14:10', '2023-09-19 23:14:10'),
	(3, 30, 1, '2023-09-19 23:14:24', '2023-09-19 23:14:24'),
	(4, 21, 1, '2023-09-19 23:14:41', '2023-09-19 23:14:41'),
	(5, 16, 1, '2023-09-19 23:14:55', '2023-09-19 23:14:55');

-- Dumping structure for table food_park.delivery_areas
DROP TABLE IF EXISTS `delivery_areas`;
CREATE TABLE IF NOT EXISTS `delivery_areas` (
  `id` bigint unsigned NOT NULL AUTO_INCREMENT,
  `area_name` varchar(255) COLLATE utf8mb4_unicode_ci NOT NULL,
  `min_delivery_time` varchar(255) COLLATE utf8mb4_unicode_ci NOT NULL,
  `max_delivery_time` varchar(255) COLLATE utf8mb4_unicode_ci NOT NULL,
  `delivery_fee` double NOT NULL,
  `status` tinyint(1) NOT NULL,
  `created_at` timestamp NULL DEFAULT NULL,
  `updated_at` timestamp NULL DEFAULT NULL,
  PRIMARY KEY (`id`)
) ENGINE=InnoDB AUTO_INCREMENT=7 DEFAULT CHARSET=utf8mb4 COLLATE=utf8mb4_unicode_ci;

-- Dumping data for table food_park.delivery_areas: ~6 rows (approximately)
DELETE FROM `delivery_areas`;
INSERT INTO `delivery_areas` (`id`, `area_name`, `min_delivery_time`, `max_delivery_time`, `delivery_fee`, `status`, `created_at`, `updated_at`) VALUES
	(1, 'Cedarwood Park', '20', '25', 10, 1, '2023-09-20 01:28:21', '2023-09-20 01:28:21'),
	(2, 'Maplewood Terrace', '10', '20', 15, 1, '2023-09-20 01:28:37', '2023-09-20 01:28:37'),
	(3, 'Riverview Estates', '10', '15', 15, 1, '2023-09-20 01:28:48', '2023-09-20 01:28:48'),
	(4, 'Oakridge Meadows', '10m', '30m', 15, 1, '2023-09-20 01:29:08', '2023-09-20 01:29:08'),
	(5, 'Sunset Ridge', '15m', '30m', 15, 1, '2023-09-20 01:29:24', '2023-09-20 01:29:24'),
	(6, 'Brookside Haven', '15m', '30m', 15, 1, '2023-09-20 01:29:35', '2023-09-20 01:29:35');

-- Dumping structure for table food_park.failed_jobs
DROP TABLE IF EXISTS `failed_jobs`;
CREATE TABLE IF NOT EXISTS `failed_jobs` (
  `id` bigint unsigned NOT NULL AUTO_INCREMENT,
  `uuid` varchar(255) COLLATE utf8mb4_unicode_ci NOT NULL,
  `connection` text COLLATE utf8mb4_unicode_ci NOT NULL,
  `queue` text COLLATE utf8mb4_unicode_ci NOT NULL,
  `payload` longtext COLLATE utf8mb4_unicode_ci NOT NULL,
  `exception` longtext COLLATE utf8mb4_unicode_ci NOT NULL,
  `failed_at` timestamp NOT NULL DEFAULT CURRENT_TIMESTAMP,
  PRIMARY KEY (`id`),
  UNIQUE KEY `failed_jobs_uuid_unique` (`uuid`)
) ENGINE=InnoDB DEFAULT CHARSET=utf8mb4 COLLATE=utf8mb4_unicode_ci;

-- Dumping data for table food_park.failed_jobs: ~0 rows (approximately)
DELETE FROM `failed_jobs`;

-- Dumping structure for table food_park.footer_infos
DROP TABLE IF EXISTS `footer_infos`;
CREATE TABLE IF NOT EXISTS `footer_infos` (
  `id` bigint unsigned NOT NULL AUTO_INCREMENT,
  `short_info` text COLLATE utf8mb4_unicode_ci,
  `address` varchar(255) COLLATE utf8mb4_unicode_ci DEFAULT NULL,
  `phone` varchar(255) COLLATE utf8mb4_unicode_ci DEFAULT NULL,
  `email` varchar(255) COLLATE utf8mb4_unicode_ci DEFAULT NULL,
  `copyright` varchar(255) COLLATE utf8mb4_unicode_ci DEFAULT NULL,
  `created_at` timestamp NULL DEFAULT NULL,
  `updated_at` timestamp NULL DEFAULT NULL,
  PRIMARY KEY (`id`)
) ENGINE=InnoDB AUTO_INCREMENT=2 DEFAULT CHARSET=utf8mb4 COLLATE=utf8mb4_unicode_ci;

-- Dumping data for table food_park.footer_infos: ~0 rows (approximately)
DELETE FROM `footer_infos`;
INSERT INTO `footer_infos` (`id`, `short_info`, `address`, `phone`, `email`, `copyright`, `created_at`, `updated_at`) VALUES
	(1, 'There are many variations of Lorem Ipsum available, but the majority have suffered.', '7232 Broadway Suite 308, Jackson Heights, 11372, NY, United States', '+1347-430-9510', 'websolutionus1@gmail.com', 'Copyright 2023 FoodPark All Rights Reserved.', '2023-09-20 00:14:31', '2023-09-20 00:14:31');

-- Dumping structure for table food_park.jobs
DROP TABLE IF EXISTS `jobs`;
CREATE TABLE IF NOT EXISTS `jobs` (
  `id` bigint unsigned NOT NULL AUTO_INCREMENT,
  `queue` varchar(255) COLLATE utf8mb4_unicode_ci NOT NULL,
  `payload` longtext COLLATE utf8mb4_unicode_ci NOT NULL,
  `attempts` tinyint unsigned NOT NULL,
  `reserved_at` int unsigned DEFAULT NULL,
  `available_at` int unsigned NOT NULL,
  `created_at` int unsigned NOT NULL,
  PRIMARY KEY (`id`),
  KEY `jobs_queue_index` (`queue`)
) ENGINE=InnoDB DEFAULT CHARSET=utf8mb4 COLLATE=utf8mb4_unicode_ci;

-- Dumping data for table food_park.jobs: ~0 rows (approximately)
DELETE FROM `jobs`;

-- Dumping structure for table food_park.migrations
DROP TABLE IF EXISTS `migrations`;
CREATE TABLE IF NOT EXISTS `migrations` (
  `id` int unsigned NOT NULL AUTO_INCREMENT,
  `migration` varchar(255) COLLATE utf8mb4_unicode_ci NOT NULL,
  `batch` int NOT NULL,
  PRIMARY KEY (`id`)
) ENGINE=InnoDB AUTO_INCREMENT=47 DEFAULT CHARSET=utf8mb4 COLLATE=utf8mb4_unicode_ci;

-- Dumping data for table food_park.migrations: ~0 rows (approximately)
DELETE FROM `migrations`;
INSERT INTO `migrations` (`id`, `migration`, `batch`) VALUES
	(1, '2014_10_12_000000_create_users_table', 1),
	(2, '2014_10_12_100000_create_password_reset_tokens_table', 1),
	(3, '2017_08_11_073824_create_menus_wp_table', 1),
	(4, '2017_08_11_074006_create_menu_items_wp_table', 1),
	(5, '2019_08_19_000000_create_failed_jobs_table', 1),
	(6, '2019_12_14_000001_create_personal_access_tokens_table', 1),
	(7, '2023_07_13_062327_create_sliders_table', 1),
	(8, '2023_07_16_034121_create_why_choose_us_table', 1),
	(9, '2023_07_16_034352_create_section_titles_table', 1),
	(10, '2023_08_01_051504_create_categories_table', 1),
	(11, '2023_08_01_102352_create_products_table', 1),
	(12, '2023_08_03_035416_create_product_galleries_table', 1),
	(13, '2023_08_03_062618_create_product_sizes_table', 1),
	(14, '2023_08_03_091617_create_product_options_table', 1),
	(15, '2023_08_05_072633_create_settings_table', 1),
	(16, '2023_08_12_062151_create_coupons_table', 1),
	(17, '2023_08_14_042130_create_delivery_areas_table', 1),
	(18, '2023_08_14_071832_create_addresses_table', 1),
	(19, '2023_08_17_072342_create_orders_table', 1),
	(20, '2023_08_17_072407_create_order_items_table', 1),
	(21, '2023_08_19_035121_create_payment_gateway_settings_table', 1),
	(22, '2023_08_20_065829_create_jobs_table', 1),
	(23, '2023_08_20_093708_add_address_id_table', 1),
	(24, '2023_08_27_091240_create_order_placed_notifications_table', 1),
	(25, '2023_08_28_072704_create_chats_table', 1),
	(26, '2023_09_02_042454_create_daily_offers_table', 1),
	(27, '2023_09_02_112836_create_banner_sliders_table', 1),
	(28, '2023_09_03_064440_create_chefs_table', 1),
	(29, '2023_09_04_045906_create_app_download_sections_table', 1),
	(30, '2023_09_04_095634_create_testimonials_table', 1),
	(31, '2023_09_05_061255_create_counters_table', 1),
	(32, '2023_09_05_101935_create_blog_categories_table', 1),
	(33, '2023_09_06_033753_create_blogs_table', 1),
	(34, '2023_09_07_050056_create_blog_comments_table', 1),
	(35, '2023_09_09_045531_create_abouts_table', 1),
	(36, '2023_09_09_101329_create_privacy_policies_table', 1),
	(37, '2023_09_09_111400_create_trams_and_conditions_table', 1),
	(38, '2023_09_10_032823_create_contacts_table', 1),
	(39, '2023_09_11_040528_create_reservation_times_table', 1),
	(40, '2023_09_11_073206_create_reservations_table', 1),
	(41, '2023_09_12_042307_create_subscribers_table', 1),
	(42, '2023_09_12_064908_create_social_links_table', 1),
	(43, '2023_09_12_104836_create_footer_infos_table', 1),
	(44, '2023_09_14_035403_create_custom_page_builders_table', 1),
	(45, '2023_09_14_071015_create_product_ratings_table', 1),
	(46, '2023_09_16_111107_create_wishlists_table', 1);

-- Dumping structure for table food_park.orders
DROP TABLE IF EXISTS `orders`;
CREATE TABLE IF NOT EXISTS `orders` (
  `id` bigint unsigned NOT NULL AUTO_INCREMENT,
  `invoice_id` varchar(255) COLLATE utf8mb4_unicode_ci NOT NULL,
  `user_id` bigint unsigned NOT NULL,
  `address` text COLLATE utf8mb4_unicode_ci NOT NULL,
  `discount` double NOT NULL DEFAULT '0',
  `delivery_charge` double NOT NULL DEFAULT '0',
  `subtotal` double NOT NULL,
  `grand_total` double NOT NULL,
  `product_qty` int NOT NULL,
  `payment_method` varchar(255) COLLATE utf8mb4_unicode_ci DEFAULT NULL,
  `payment_status` varchar(255) COLLATE utf8mb4_unicode_ci NOT NULL DEFAULT 'pending',
  `payment_approve_date` timestamp NULL DEFAULT NULL,
  `transaction_id` varchar(255) COLLATE utf8mb4_unicode_ci DEFAULT NULL,
  `coupon_info` json DEFAULT NULL,
  `currency_name` varchar(255) COLLATE utf8mb4_unicode_ci DEFAULT NULL,
  `order_status` varchar(255) COLLATE utf8mb4_unicode_ci NOT NULL DEFAULT 'pending',
  `created_at` timestamp NULL DEFAULT NULL,
  `updated_at` timestamp NULL DEFAULT NULL,
  `address_id` bigint unsigned NOT NULL,
  PRIMARY KEY (`id`),
  KEY `orders_user_id_foreign` (`user_id`),
  CONSTRAINT `orders_user_id_foreign` FOREIGN KEY (`user_id`) REFERENCES `users` (`id`)
) ENGINE=InnoDB AUTO_INCREMENT=7 DEFAULT CHARSET=utf8mb4 COLLATE=utf8mb4_unicode_ci;

-- Dumping data for table food_park.orders: ~5 rows (approximately)
DELETE FROM `orders`;
INSERT INTO `orders` (`id`, `invoice_id`, `user_id`, `address`, `discount`, `delivery_charge`, `subtotal`, `grand_total`, `product_qty`, `payment_method`, `payment_status`, `payment_approve_date`, `transaction_id`, `coupon_info`, `currency_name`, `order_status`, `created_at`, `updated_at`, `address_id`) VALUES
	(1, '868232043', 3, '7232 Broadway Suite 308,, Aria: Cedarwood Park', 87, 10, 435, 358, 3, 'PayPal', 'completed', '2023-09-20 01:32:09', '0L3009975R675583A', '{"code": "super20", "discount": "87.00"}', 'USD', 'delivered', '2023-09-20 01:31:43', '2023-09-20 01:44:37', 1),
	(2, '2218232044', 3, '7232 Broadway Suite 308,, Aria: Cedarwood Park', 0, 10, 150, 160, 2, 'PayPal', 'completed', '2023-09-20 01:41:58', '17E76628VU0157335', 'null', 'USD', 'delivered', '2023-09-20 01:41:44', '2023-09-20 01:44:44', 1),
	(3, '125232046', 3, '7232 Broadway Suite 308,, Aria: Cedarwood Park', 0, 10, 140, 150, 2, 'PayPal', 'completed', '2023-09-20 01:43:58', '22C489894V3327925', 'null', 'USD', 'pending', '2023-09-20 01:43:46', '2023-09-20 01:43:58', 1),
	(4, '4275232117', 2, '453 Broadway Suite, Aria: Riverview Estates', 0, 15, 345, 360, 2, 'PayPal', 'completed', '2023-09-20 22:18:56', '5E468902SB295722R', 'null', 'USD', 'pending', '2023-09-20 22:18:17', '2023-09-20 22:18:56', 4),
	(5, '9643232108', 2, '232 Broadway Suite, Aria: Cedarwood Park', 0, 10, 130, 140, 1, 'PayPal', 'completed', '2023-09-20 23:02:23', '0TK97272WU868634E', 'null', 'USD', 'pending', '2023-09-20 23:02:08', '2023-09-20 23:02:23', 3),
	(6, '5743232119', 2, '453 Broadway Suite, Aria: Riverview Estates', 66, 15, 330, 279, 2, 'PayPal', 'completed', '2023-09-21 02:23:04', '0B9617197M068064G', '{"code": "super20", "discount": "66.00"}', 'USD', 'pending', '2023-09-21 02:22:19', '2023-09-21 02:23:04', 4);

-- Dumping structure for table food_park.order_items
DROP TABLE IF EXISTS `order_items`;
CREATE TABLE IF NOT EXISTS `order_items` (
  `id` bigint unsigned NOT NULL AUTO_INCREMENT,
  `order_id` bigint unsigned NOT NULL,
  `product_name` varchar(255) COLLATE utf8mb4_unicode_ci NOT NULL,
  `product_id` bigint unsigned NOT NULL,
  `unit_price` double NOT NULL,
  `qty` int NOT NULL,
  `product_size` json DEFAULT NULL,
  `product_option` json DEFAULT NULL,
  `created_at` timestamp NULL DEFAULT NULL,
  `updated_at` timestamp NULL DEFAULT NULL,
  PRIMARY KEY (`id`),
  KEY `order_items_order_id_foreign` (`order_id`),
  CONSTRAINT `order_items_order_id_foreign` FOREIGN KEY (`order_id`) REFERENCES `orders` (`id`) ON DELETE CASCADE
) ENGINE=InnoDB AUTO_INCREMENT=13 DEFAULT CHARSET=utf8mb4 COLLATE=utf8mb4_unicode_ci;

-- Dumping data for table food_park.order_items: ~12 rows (approximately)
DELETE FROM `order_items`;
INSERT INTO `order_items` (`id`, `order_id`, `product_name`, `product_id`, `unit_price`, `qty`, `product_size`, `product_option`, `created_at`, `updated_at`) VALUES
	(1, 1, 'Egg Roll', 24, 30, 3, '{"id": 73, "name": "Large", "price": 30}', '[{"id": 47, "name": "Coca-Cola", "price": 5}, {"id": 48, "name": "Extra Cheese", "price": 10}]', '2023-09-20 01:31:43', '2023-09-20 01:31:43'),
	(2, 1, 'Hot Dog', 5, 15, 1, '{"id": 16, "name": "Large", "price": 30}', '[]', '2023-09-20 01:31:43', '2023-09-20 01:31:43'),
	(3, 1, 'Hamburger', 1, 15, 3, '{"id": 4, "name": "Large", "price": 30}', '[{"id": 2, "name": "Extra Cheese", "price": 10}]', '2023-09-20 01:31:43', '2023-09-20 01:31:43'),
	(4, 2, 'Egg Roll', 24, 30, 1, '{"id": 73, "name": "Large", "price": 30}', '[]', '2023-09-20 01:41:44', '2023-09-20 01:41:44'),
	(5, 2, 'Chicken Nuggets', 4, 70, 1, '{"id": 14, "name": "Medium", "price": 20}', '[]', '2023-09-20 01:41:44', '2023-09-20 01:41:44'),
	(6, 3, 'Cheeseburger', 2, 50, 1, '{"id": 7, "name": "Large", "price": 30}', '[{"id": 3, "name": "Coca-Cola", "price": 5}, {"id": 4, "name": "Extra Cheese", "price": 10}]', '2023-09-20 01:43:46', '2023-09-20 01:43:46'),
	(7, 3, 'Hamburger', 1, 15, 1, '{"id": 4, "name": "Large", "price": 30}', '[]', '2023-09-20 01:43:46', '2023-09-20 01:43:46'),
	(8, 4, 'Chili Cheese Fries', 18, 60, 2, '{"id": 55, "name": "Large", "price": 30}', '[{"id": 35, "name": "Coca-Cola", "price": 5}, {"id": 36, "name": "Extra Cheese", "price": 10}]', '2023-09-20 22:18:17', '2023-09-20 22:18:17'),
	(9, 4, 'Buffalo Wings', 16, 100, 1, '{"id": 49, "name": "Large", "price": 30}', '[{"id": 31, "name": "Coca-Cola", "price": 5}]', '2023-09-20 22:18:17', '2023-09-20 22:18:17'),
	(10, 5, 'Tater Tots', 20, 100, 1, '{"id": 61, "name": "Large", "price": 30}', '[]', '2023-09-20 23:02:08', '2023-09-20 23:02:08'),
	(11, 6, 'Sausage Biscuit', 32, 40, 3, '{"id": 97, "name": "Large", "price": 30}', '[{"id": 63, "name": "Coca-Cola", "price": 5}]', '2023-09-21 02:22:19', '2023-09-21 02:22:19'),
	(12, 6, 'Poutine', 25, 60, 1, '{"id": 76, "name": "Large", "price": 30}', '[{"id": 49, "name": "Coca-Cola", "price": 5}, {"id": 50, "name": "Extra Cheese", "price": 10}]', '2023-09-21 02:22:19', '2023-09-21 02:22:19');

-- Dumping structure for table food_park.order_placed_notifications
DROP TABLE IF EXISTS `order_placed_notifications`;
CREATE TABLE IF NOT EXISTS `order_placed_notifications` (
  `id` bigint unsigned NOT NULL AUTO_INCREMENT,
  `message` varchar(255) COLLATE utf8mb4_unicode_ci NOT NULL,
  `order_id` int NOT NULL,
  `seen` tinyint(1) NOT NULL DEFAULT '0',
  `created_at` timestamp NULL DEFAULT NULL,
  `updated_at` timestamp NULL DEFAULT NULL,
  PRIMARY KEY (`id`)
) ENGINE=InnoDB AUTO_INCREMENT=7 DEFAULT CHARSET=utf8mb4 COLLATE=utf8mb4_unicode_ci;

-- Dumping data for table food_park.order_placed_notifications: ~5 rows (approximately)
DELETE FROM `order_placed_notifications`;
INSERT INTO `order_placed_notifications` (`id`, `message`, `order_id`, `seen`, `created_at`, `updated_at`) VALUES
	(1, '#868232043 a new order has been placed!', 1, 0, '2023-09-20 01:32:18', '2023-09-20 01:32:18'),
	(2, '#2218232044 a new order has been placed!', 2, 0, '2023-09-20 01:42:05', '2023-09-20 01:42:05'),
	(3, '#125232046 a new order has been placed!', 3, 1, '2023-09-20 01:44:04', '2023-09-20 21:03:33'),
	(4, '#4275232117 a new order has been placed!', 4, 0, '2023-09-20 22:19:05', '2023-09-20 22:19:05'),
	(5, '#9643232108 a new order has been placed!', 5, 1, '2023-09-20 23:02:29', '2023-09-21 02:42:24'),
	(6, '#5743232119 a new order has been placed!', 6, 0, '2023-09-21 02:23:11', '2023-09-21 02:23:11');

-- Dumping structure for table food_park.password_reset_tokens
DROP TABLE IF EXISTS `password_reset_tokens`;
CREATE TABLE IF NOT EXISTS `password_reset_tokens` (
  `email` varchar(255) COLLATE utf8mb4_unicode_ci NOT NULL,
  `token` varchar(255) COLLATE utf8mb4_unicode_ci NOT NULL,
  `created_at` timestamp NULL DEFAULT NULL,
  PRIMARY KEY (`email`)
) ENGINE=InnoDB DEFAULT CHARSET=utf8mb4 COLLATE=utf8mb4_unicode_ci;

-- Dumping data for table food_park.password_reset_tokens: ~0 rows (approximately)
DELETE FROM `password_reset_tokens`;

-- Dumping structure for table food_park.payment_gateway_settings
DROP TABLE IF EXISTS `payment_gateway_settings`;
CREATE TABLE IF NOT EXISTS `payment_gateway_settings` (
  `id` bigint unsigned NOT NULL AUTO_INCREMENT,
  `key` varchar(255) COLLATE utf8mb4_unicode_ci NOT NULL,
  `value` text COLLATE utf8mb4_unicode_ci,
  `created_at` timestamp NULL DEFAULT NULL,
  `updated_at` timestamp NULL DEFAULT NULL,
  PRIMARY KEY (`id`)
) ENGINE=InnoDB AUTO_INCREMENT=24 DEFAULT CHARSET=utf8mb4 COLLATE=utf8mb4_unicode_ci;

-- Dumping data for table food_park.payment_gateway_settings: ~23 rows (approximately)
DELETE FROM `payment_gateway_settings`;
INSERT INTO `payment_gateway_settings` (`id`, `key`, `value`, `created_at`, `updated_at`) VALUES
	(1, 'paypal_logo', '/uploads/media_64e58838d3a51.png', '2023-08-18 23:36:53', '2023-08-22 22:16:56'),
	(2, 'paypal_status', '1', '2023-08-18 23:36:53', '2023-08-22 22:19:47'),
	(3, 'paypal_account_mode', 'sandbox', '2023-08-18 23:36:53', '2023-08-18 23:36:53'),
	(4, 'paypal_country', 'GB', '2023-08-18 23:36:53', '2023-08-18 23:39:44'),
	(5, 'paypal_currency', 'USD', '2023-08-18 23:36:53', '2023-08-18 23:36:53'),
	(6, 'paypal_rate', '1', '2023-08-18 23:36:53', '2023-08-18 23:36:53'),
	(7, 'paypal_api_key', 'AUnOIw_wR15MzYo0eg87xjJ4bH2b_fsXVMtVtVZcpJVTrQC_rcStGAjyzBJK40vpaaCnYSvi1Gbf6L9f', '2023-08-18 23:36:53', '2023-08-19 01:56:43'),
	(8, 'paypal_secret_key', 'EPrUhxAOGPrnp_5-BkaI6UO0CQMyZ-F4ANGdm3Ye4QZofTuHjyzzJCZm3sP5hiSb4XKlUKOo-ozDddD3', '2023-08-18 23:36:53', '2023-08-19 01:56:43'),
	(9, 'paypal_app_id', 'APP_ID', '2023-08-20 23:07:55', '2023-08-20 23:07:55'),
	(10, 'stripe_logo', '/uploads/media_64e30eb5c51eb.png', '2023-08-21 01:13:57', '2023-08-21 01:13:57'),
	(11, 'stripe_status', '1', '2023-08-21 01:13:57', '2023-08-21 01:13:57'),
	(12, 'stripe_country', 'US', '2023-08-21 01:13:57', '2023-08-21 01:13:57'),
	(13, 'stripe_currency', 'USD', '2023-08-21 01:13:57', '2023-08-21 01:13:57'),
	(14, 'stripe_rate', '1', '2023-08-21 01:13:57', '2023-08-21 01:13:57'),
	(15, 'stripe_api_key', 'pk_test_51NhSkBLAjq0ac3am3UhnOZKyJcyh1wHiH4tkIeu60qcYE53YFCeQiD6mvkEcDyR5a8TrnMq0HiMndlflptDDU5cc00NA7t4tNd', '2023-08-21 01:13:57', '2023-08-21 01:47:18'),
	(16, 'stripe_secret_key', 'sk_test_51NhSkBLAjq0ac3amThHW5zGEFluTCqirQw3xYwNh2KlYTIoV1nUfj0wXQ1ktXOlooaVRF0M99N7XXnaTBoLX7xgd00suPQpGgI', '2023-08-21 01:13:57', '2023-08-21 01:47:18'),
	(17, 'razorpay_status', '1', '2023-08-21 23:45:12', '2023-08-21 23:45:12'),
	(18, 'razorpay_country', 'IN', '2023-08-21 23:45:13', '2023-08-21 23:45:13'),
	(19, 'razorpay_currency', 'USD', '2023-08-21 23:45:13', '2023-08-22 05:42:34'),
	(20, 'razorpay_rate', '1', '2023-08-21 23:45:13', '2023-08-22 05:42:34'),
	(21, 'razorpay_api_key', 'rzp_test_K7CipNQYyyMPiS', '2023-08-21 23:45:13', '2023-08-22 00:42:04'),
	(22, 'razorpay_secret_key', 'zSBmNMorJrirOrnDrbOd1ALO', '2023-08-21 23:45:13', '2023-08-22 00:42:04'),
	(23, 'razorpay_logo', '/uploads/media_64e44b9f4fac0.png', '2023-08-21 23:46:07', '2023-08-21 23:46:07');

-- Dumping structure for table food_park.personal_access_tokens
DROP TABLE IF EXISTS `personal_access_tokens`;
CREATE TABLE IF NOT EXISTS `personal_access_tokens` (
  `id` bigint unsigned NOT NULL AUTO_INCREMENT,
  `tokenable_type` varchar(255) COLLATE utf8mb4_unicode_ci NOT NULL,
  `tokenable_id` bigint unsigned NOT NULL,
  `name` varchar(255) COLLATE utf8mb4_unicode_ci NOT NULL,
  `token` varchar(64) COLLATE utf8mb4_unicode_ci NOT NULL,
  `abilities` text COLLATE utf8mb4_unicode_ci,
  `last_used_at` timestamp NULL DEFAULT NULL,
  `expires_at` timestamp NULL DEFAULT NULL,
  `created_at` timestamp NULL DEFAULT NULL,
  `updated_at` timestamp NULL DEFAULT NULL,
  PRIMARY KEY (`id`),
  UNIQUE KEY `personal_access_tokens_token_unique` (`token`),
  KEY `personal_access_tokens_tokenable_type_tokenable_id_index` (`tokenable_type`,`tokenable_id`)
) ENGINE=InnoDB DEFAULT CHARSET=utf8mb4 COLLATE=utf8mb4_unicode_ci;

-- Dumping data for table food_park.personal_access_tokens: ~0 rows (approximately)
DELETE FROM `personal_access_tokens`;

-- Dumping structure for table food_park.privacy_policies
DROP TABLE IF EXISTS `privacy_policies`;
CREATE TABLE IF NOT EXISTS `privacy_policies` (
  `id` bigint unsigned NOT NULL AUTO_INCREMENT,
  `content` text COLLATE utf8mb4_unicode_ci NOT NULL,
  `created_at` timestamp NULL DEFAULT NULL,
  `updated_at` timestamp NULL DEFAULT NULL,
  PRIMARY KEY (`id`)
) ENGINE=InnoDB AUTO_INCREMENT=2 DEFAULT CHARSET=utf8mb4 COLLATE=utf8mb4_unicode_ci;

-- Dumping data for table food_park.privacy_policies: ~0 rows (approximately)
DELETE FROM `privacy_policies`;
INSERT INTO `privacy_policies` (`id`, `content`, `created_at`, `updated_at`) VALUES
	(1, '<h3>Your agreement:</h3>\r\n                        <p>Lorem ipsum dolor sit amet consectetur adipisicing elit. Ad, repellendus! Nesciunt fugit\r\n                            aliquam\r\n                            doloremque velit ullam quos ad et magnam aperiam eum vero unde cum reprehenderit porro\r\n                            consectetur voluptatum, veritatis blanditiis. Repellendus veritatis fugit maxime nostrum\r\n                            quod\r\n                            ipsum, quibusdam, a omnis quam aperiam pariatur consectetur est perspiciatis. Laboriosam\r\n                            praesentium id asperiores cumque debitis, ex adipisci? Impedit temporibus labore dolores\r\n                            iusto\r\n                            error nobis, porro hic iure placeat, sint esse corporis, quibusdam adipisci magni non minus\r\n                            quo\r\n                            quae repudiandae earum facere eum ad qui voluptatum eaque.</p>\r\n                        <h3>Main responsibilities:</h3>\r\n                        <ul><li>Solve the problem with code.</li><li>Work on Client\'s projects &amp; In-house products as well.</li><li>Analyze the product\'s needs and find out the best solutions.</li><li>Work as a team and lead the junior developer.</li><li>Collaborate with other teams by providing code review and technical direction.</li></ul>\r\n                        <p>Lorem ipsum dolor sit amet consectetur adipisicing elit. Ad, repellendus! Nesciunt fugit\r\n                            aliquam doloremque velit ullam quos ad et magnam aperiam eum vero unde cum reprehenderit\r\n                            porro consectetur voluptatum, veritatis blanditiis. Repellendus veritatis fugit maxime\r\n                            nostrum quod ipsum, quibusdam, a omnis quam aperiam pariatur</p>\r\n                        <p>Lorem ipsum dolor sit amet consectetur adipisicing elit. Ad, repellendus! Nesciunt fugit\r\n                            aliquam\r\n                            doloremque velit ullam quos ad et magnam aperiam eum vero unde cum reprehenderit porro\r\n                            consectetur voluptatum, veritatis blanditiis. Repellendus veritatis fugit maxime nostrum\r\n                            quod\r\n                            ipsum, quibusdam, a omnis quam aperiam pariatur consectetur est perspiciatis. Laboriosam\r\n                            praesentium id asperiores cumque debitis, ex adipisci? Impedit temporibus labore dolores\r\n                            iusto\r\n                            error nobis, porro hic iure placeat, sint esse corporis, quibusdam adipisci magni non minus\r\n                            quo\r\n                            quae repudiandae earum facere eum ad qui voluptatum eaque.</p>\r\n                        <p>Lorem ipsum dolor sit amet consectetur adipisicing elit. Ad, repellendus! Nesciunt fugit\r\n                            aliquam doloremque velit ullam quos ad et magnam aperiam eum vero unde cum reprehenderit\r\n                            porro consectetur voluptatum, veritatis blanditiis. Repellendus veritatis fugit maxime\r\n                            nostrum quod ipsum, quibusdam, a omnis quam aperiam pariatur</p>\r\n                        <ul><li>Solve the problem with code.</li><li>Work on Client\'s projects &amp; In-house products as well.</li><li>Analyze the product\'s needs and find out the best solutions.</li><li>Work as a team and lead the junior developer.</li><li>Collaborate with other teams by providing code review and technical direction.</li></ul>\r\n                        <p>Lorem ipsum dolor sit amet consectetur adipisicing elit. Ad, repellendus! Nesciunt fugit\r\n                            aliquam\r\n                            doloremque velit ullam quos ad et magnam aperiam eum vero unde cum reprehenderit porro\r\n                            consectetur voluptatum, veritatis blanditiis. Repellendus veritatis fugit maxime nostrum\r\n                            quod\r\n                            ipsum, quibusdam, a omnis quam aperiam pariatur consectetur est perspiciatis. Laboriosam\r\n                            praesentium id asperiores cumque debitis, ex adipisci? Impedit temporibus labore dolores\r\n                            iusto\r\n                            error nobis, porro hic iure placeat, sint esse corporis, quibusdam adipisci magni non minus\r\n                            quo\r\n                            quae repudiandae earum facere eum ad qui voluptatum eaque.</p>\r\n                        <p>Lorem ipsum dolor sit amet consectetur adipisicing elit. Ad, repellendus! Nesciunt fugit\r\n                            aliquam doloremque velit ullam quos ad et magnam aperiam eum vero unde cum reprehenderit\r\n                            porro consectetur voluptatum, veritatis blanditiis. Repellendus veritatis fugit maxime\r\n                            nostrum quod ipsum, quibusdam, a omnis quam aperiam pariatur</p><p></p>', '2023-09-20 00:11:35', '2023-09-20 00:11:35');

-- Dumping structure for table food_park.products
DROP TABLE IF EXISTS `products`;
CREATE TABLE IF NOT EXISTS `products` (
  `id` bigint unsigned NOT NULL AUTO_INCREMENT,
  `name` varchar(255) COLLATE utf8mb4_unicode_ci NOT NULL,
  `slug` varchar(255) COLLATE utf8mb4_unicode_ci NOT NULL,
  `thumb_image` varchar(255) COLLATE utf8mb4_unicode_ci NOT NULL,
  `category_id` bigint unsigned NOT NULL,
  `short_description` text COLLATE utf8mb4_unicode_ci NOT NULL,
  `long_description` text COLLATE utf8mb4_unicode_ci NOT NULL,
  `price` double NOT NULL,
  `offer_price` double NOT NULL DEFAULT '0',
  `quantity` int NOT NULL,
  `sku` varchar(255) COLLATE utf8mb4_unicode_ci DEFAULT NULL,
  `seo_title` varchar(255) COLLATE utf8mb4_unicode_ci DEFAULT NULL,
  `seo_description` varchar(255) COLLATE utf8mb4_unicode_ci DEFAULT NULL,
  `show_at_home` tinyint(1) NOT NULL,
  `status` tinyint(1) NOT NULL,
  `created_at` timestamp NULL DEFAULT NULL,
  `updated_at` timestamp NULL DEFAULT NULL,
  PRIMARY KEY (`id`),
  KEY `products_category_id_foreign` (`category_id`),
  CONSTRAINT `products_category_id_foreign` FOREIGN KEY (`category_id`) REFERENCES `categories` (`id`) ON DELETE CASCADE
) ENGINE=InnoDB AUTO_INCREMENT=33 DEFAULT CHARSET=utf8mb4 COLLATE=utf8mb4_unicode_ci;

-- Dumping data for table food_park.products: ~29 rows (approximately)
DELETE FROM `products`;
INSERT INTO `products` (`id`, `name`, `slug`, `thumb_image`, `category_id`, `short_description`, `long_description`, `price`, `offer_price`, `quantity`, `sku`, `seo_title`, `seo_description`, `show_at_home`, `status`, `created_at`, `updated_at`) VALUES
	(1, 'Hamburger', 'hamburger', '/uploads/media_650a73d963fd3.jpg', 1, 'Pizza is a savory dish of Italian origin consisting of a usually round, flattened base of leavened wheat-based dough topped with tomatoes, cheese, and often various other ingredients, which is then baked at a high temperature, traditionally in a wood-fired oven. A small pizza', '<div class="tab-pane fade show active" id="pills-home" role="tabpanel" aria-labelledby="pills-home-tab" tabindex="0">\r\n                                <div class="menu_det_description">\r\n                                    <p>Ipsum dolor, sit amet consectetur adipisicing elit. Doloribus consectetur\r\n                                        ullam in? Beatae, dolorum ad ea deleniti ratione voluptatum similique omnis\r\n                                        voluptas tempora optio soluta vero veritatis reiciendis blanditiis architecto.\r\n                                        Debitis nesciunt inventore voluptate tempora ea incidunt iste, corporis, quo\r\n                                        cumque facere doloribus possimus nostrum sed magni quasi, assumenda autem!\r\n                                        Repudiandae nihil magnam provident illo alias vero odit repellendus, ipsa nemo\r\n                                        itaque. Aperiam fuga, magnam quia illum minima blanditiis tempore. vero\r\n                                        veritatis reiciendis blanditiis architecto. Debitis nesciunt inventore voluptate\r\n                                        tempora ea incidunt iste, corporis, quo cumque facere doloribus possimus nostrum\r\n                                        sed magni quasi</p>\r\n                                    <ul><li>Lorem ipsum dolor, sit amet consectetur adipisicing elit. Doloribus\r\n                                            consectetur ullam in</li><li>Dolor sit amet consectetur adipisicing elit. Earum itaque nesciunt.</li><li>Corporis, quo cumque facere doloribus possimus nostrum sed magni quasi.</li><li>Reiciendis blanditiis architecto. Debitis nesciunt inventore voluptate\r\n                                            tempora ea.</li><li>Incidunt iste, corporis, quo cumque facere doloribus possimus\r\n                                            nostrum sed magni quasi</li><li>Architecto. Debitis nesciunt inventore voluptate tempora ea incidunt iste\r\n                                            corporis.</li><li>Earum itaque nesciunt dolor laudantium placeat sed velit aspernatur.</li><li>Laudantium placeat sed velit aspernatur, nobis quos quibusdam distinctio\r\n                                            voluptatum.</li></ul>\r\n                                    <p>Lorem ipsum dolor sit amet consectetur adipisicing elit. Earum itaque nesciunt\r\n                                        dolor laudantium placeat sed velit aspernatur, nobis quos quibusdam distinctio\r\n                                        voluptatum officia vel sapiente enim, reprehenderit impedit beatae molestias\r\n                                        dolorum. A laborum consectetur sed quis exercitationem optio consequatur, unde\r\n                                        neque est odit, pariatur quae incidunt quasi dolorem nihil aliquid ut veritatis\r\n                                        porro eaque cupiditate voluptatem vel ad! Asperiores, praesentium. sit amet\r\n                                        consectetur adipisicing elit. Doloribus consectetur ullam in? Beatae, dolorum ad\r\n                                        ea deleniti ratione voluptatum similique omnis voluptas tempora optio soluta</p>\r\n\r\n                                    <ul><li>Reiciendis blanditiis architecto. Debitis nesciunt inventore voluptate\r\n                                            tempora ea.</li><li>Incidunt iste, corporis, quo cumque facere doloribus possimus\r\n                                            nostrum sed magni quasi</li><li>Architecto. Debitis nesciunt inventore voluptate tempora ea incidunt iste\r\n                                            corporis.</li><li>Earum itaque nesciunt dolor laudantium placeat sed velit aspernatur.</li><li>Laudantium placeat sed velit aspernatur, nobis quos quibusdam distinctio\r\n                                            voluptatum.</li></ul>\r\n                                    <p>Lorem ipsum dolor, sit amet consectetur adipisicing elit. Doloribus consectetur\r\n                                        ullam in? Beatae, dolorum ad ea deleniti ratione voluptatum similique omnis\r\n                                        voluptas tempora optio soluta vero veritatis reiciendis blanditiis architecto.\r\n                                        Debitis nesciunt inventore voluptate tempora ea incidunt iste, corporis, quo\r\n                                        cumque facere doloribus possimus nostrum sed magni quasi, assumenda autem!\r\n                                        Repudiandae nihil magnam provident illo alias vero odit repellendus, ipsa nemo\r\n                                        itaque. Aperiam fuga, magnam quia illum minima blanditiis tempore.</p>\r\n                                </div>\r\n                            </div><p></p>', 20, 15, 100, 'MKV-2342345', NULL, NULL, 1, 1, '2023-09-19 22:23:53', '2023-09-19 22:23:53'),
	(2, 'Cheeseburger', 'cheeseburger', '/uploads/media_650a741276c43.jpg', 1, 'Ipsum dolor, sit amet consectetur adipisicing elit. Doloribus consectetur ullam in? Beatae, dolorum ad ea deleniti ratione voluptatum', '<div class="tab-pane fade show active" id="pills-home" role="tabpanel" aria-labelledby="pills-home-tab" tabindex="0">\r\n                                <div class="menu_det_description">\r\n                                    <p>Ipsum dolor, sit amet consectetur adipisicing elit. Doloribus consectetur\r\n                                        ullam in? Beatae, dolorum ad ea deleniti ratione voluptatum similique omnis\r\n                                        voluptas tempora optio soluta vero veritatis reiciendis blanditiis architecto.\r\n                                        Debitis nesciunt inventore voluptate tempora ea incidunt iste, corporis, quo\r\n                                        cumque facere doloribus possimus nostrum sed magni quasi, assumenda autem!\r\n                                        Repudiandae nihil magnam provident illo alias vero odit repellendus, ipsa nemo\r\n                                        itaque. Aperiam fuga, magnam quia illum minima blanditiis tempore. vero\r\n                                        veritatis reiciendis blanditiis architecto. Debitis nesciunt inventore voluptate\r\n                                        tempora ea incidunt iste, corporis, quo cumque facere doloribus possimus nostrum\r\n                                        sed magni quasi</p>\r\n                                    <ul><li>Lorem ipsum dolor, sit amet consectetur adipisicing elit. Doloribus\r\n                                            consectetur ullam in</li><li>Dolor sit amet consectetur adipisicing elit. Earum itaque nesciunt.</li><li>Corporis, quo cumque facere doloribus possimus nostrum sed magni quasi.</li><li>Reiciendis blanditiis architecto. Debitis nesciunt inventore voluptate\r\n                                            tempora ea.</li><li>Incidunt iste, corporis, quo cumque facere doloribus possimus\r\n                                            nostrum sed magni quasi</li><li>Architecto. Debitis nesciunt inventore voluptate tempora ea incidunt iste\r\n                                            corporis.</li><li>Earum itaque nesciunt dolor laudantium placeat sed velit aspernatur.</li><li>Laudantium placeat sed velit aspernatur, nobis quos quibusdam distinctio\r\n                                            voluptatum.</li></ul>\r\n                                    <p>Lorem ipsum dolor sit amet consectetur adipisicing elit. Earum itaque nesciunt\r\n                                        dolor laudantium placeat sed velit aspernatur, nobis quos quibusdam distinctio\r\n                                        voluptatum officia vel sapiente enim, reprehenderit impedit beatae molestias\r\n                                        dolorum. A laborum consectetur sed quis exercitationem optio consequatur, unde\r\n                                        neque est odit, pariatur quae incidunt quasi dolorem nihil aliquid ut veritatis\r\n                                        porro eaque cupiditate voluptatem vel ad! Asperiores, praesentium. sit amet\r\n                                        consectetur adipisicing elit. Doloribus consectetur ullam in? Beatae, dolorum ad\r\n                                        ea deleniti ratione voluptatum similique omnis voluptas tempora optio soluta</p>\r\n\r\n                                    <ul><li>Reiciendis blanditiis architecto. Debitis nesciunt inventore voluptate\r\n                                            tempora ea.</li><li>Incidunt iste, corporis, quo cumque facere doloribus possimus\r\n                                            nostrum sed magni quasi</li><li>Architecto. Debitis nesciunt inventore voluptate tempora ea incidunt iste\r\n                                            corporis.</li><li>Earum itaque nesciunt dolor laudantium placeat sed velit aspernatur.</li><li>Laudantium placeat sed velit aspernatur, nobis quos quibusdam distinctio\r\n                                            voluptatum.</li></ul>\r\n                                    <p>Lorem ipsum dolor, sit amet consectetur adipisicing elit. Doloribus consectetur\r\n                                        ullam in? Beatae, dolorum ad ea deleniti ratione voluptatum similique omnis\r\n                                        voluptas tempora optio soluta vero veritatis reiciendis blanditiis architecto.\r\n                                        Debitis nesciunt inventore voluptate tempora ea incidunt iste, corporis, quo\r\n                                        cumque facere doloribus possimus nostrum sed magni quasi, assumenda autem!\r\n                                        Repudiandae nihil magnam provident illo alias vero odit repellendus, ipsa nemo\r\n                                        itaque. Aperiam fuga, magnam quia illum minima blanditiis tempore.</p>\r\n                                </div>\r\n                            </div><p></p>', 90, 50, 1000, 'SIK-43234', NULL, NULL, 1, 1, '2023-09-19 22:24:50', '2023-09-19 22:24:50'),
	(3, 'French Fries', 'french-fries', '/uploads/media_650a7495bad10.jpg', 1, 'Pizza is a savory dish of Italian origin consisting of a usually round, flattened base of leavened wheat-based dough topped with tomatoes, cheese, and often various other ingredients, which is then baked at a high temperature, traditionally in a wood-fired oven. A small pizza', '<div class="tab-pane fade show active" id="pills-home" role="tabpanel" aria-labelledby="pills-home-tab" tabindex="0">\r\n                                <div class="menu_det_description">\r\n                                    <p>Ipsum dolor, sit amet consectetur adipisicing elit. Doloribus consectetur\r\n                                        ullam in? Beatae, dolorum ad ea deleniti ratione voluptatum similique omnis\r\n                                        voluptas tempora optio soluta vero veritatis reiciendis blanditiis architecto.\r\n                                        Debitis nesciunt inventore voluptate tempora ea incidunt iste, corporis, quo\r\n                                        cumque facere doloribus possimus nostrum sed magni quasi, assumenda autem!\r\n                                        Repudiandae nihil magnam provident illo alias vero odit repellendus, ipsa nemo\r\n                                        itaque. Aperiam fuga, magnam quia illum minima blanditiis tempore. vero\r\n                                        veritatis reiciendis blanditiis architecto. Debitis nesciunt inventore voluptate\r\n                                        tempora ea incidunt iste, corporis, quo cumque facere doloribus possimus nostrum\r\n                                        sed magni quasi</p>\r\n                                    <ul><li>Lorem ipsum dolor, sit amet consectetur adipisicing elit. Doloribus\r\n                                            consectetur ullam in</li><li>Dolor sit amet consectetur adipisicing elit. Earum itaque nesciunt.</li><li>Corporis, quo cumque facere doloribus possimus nostrum sed magni quasi.</li><li>Reiciendis blanditiis architecto. Debitis nesciunt inventore voluptate\r\n                                            tempora ea.</li><li>Incidunt iste, corporis, quo cumque facere doloribus possimus\r\n                                            nostrum sed magni quasi</li><li>Architecto. Debitis nesciunt inventore voluptate tempora ea incidunt iste\r\n                                            corporis.</li><li>Earum itaque nesciunt dolor laudantium placeat sed velit aspernatur.</li><li>Laudantium placeat sed velit aspernatur, nobis quos quibusdam distinctio\r\n                                            voluptatum.</li></ul>\r\n                                    <p>Lorem ipsum dolor sit amet consectetur adipisicing elit. Earum itaque nesciunt\r\n                                        dolor laudantium placeat sed velit aspernatur, nobis quos quibusdam distinctio\r\n                                        voluptatum officia vel sapiente enim, reprehenderit impedit beatae molestias\r\n                                        dolorum. A laborum consectetur sed quis exercitationem optio consequatur, unde\r\n                                        neque est odit, pariatur quae incidunt quasi dolorem nihil aliquid ut veritatis\r\n                                        porro eaque cupiditate voluptatem vel ad! Asperiores, praesentium. sit amet\r\n                                        consectetur adipisicing elit. Doloribus consectetur ullam in? Beatae, dolorum ad\r\n                                        ea deleniti ratione voluptatum similique omnis voluptas tempora optio soluta</p>\r\n\r\n                                    <ul><li>Reiciendis blanditiis architecto. Debitis nesciunt inventore voluptate\r\n                                            tempora ea.</li><li>Incidunt iste, corporis, quo cumque facere doloribus possimus\r\n                                            nostrum sed magni quasi</li><li>Architecto. Debitis nesciunt inventore voluptate tempora ea incidunt iste\r\n                                            corporis.</li><li>Earum itaque nesciunt dolor laudantium placeat sed velit aspernatur.</li><li>Laudantium placeat sed velit aspernatur, nobis quos quibusdam distinctio\r\n                                            voluptatum.</li></ul>\r\n                                    <p>Lorem ipsum dolor, sit amet consectetur adipisicing elit. Doloribus consectetur\r\n                                        ullam in? Beatae, dolorum ad ea deleniti ratione voluptatum similique omnis\r\n                                        voluptas tempora optio soluta vero veritatis reiciendis blanditiis architecto.\r\n                                        Debitis nesciunt inventore voluptate tempora ea incidunt iste, corporis, quo\r\n                                        cumque facere doloribus possimus nostrum sed magni quasi, assumenda autem!\r\n                                        Repudiandae nihil magnam provident illo alias vero odit repellendus, ipsa nemo\r\n                                        itaque. Aperiam fuga, magnam quia illum minima blanditiis tempore.</p>\r\n                                </div>\r\n                            </div><p></p>', 10, 0, 200, 'MKV-2342345', NULL, NULL, 1, 1, '2023-09-19 22:27:01', '2023-09-19 22:27:01'),
	(4, 'Chicken Nuggets', 'chicken-nuggets', '/uploads/media_650a751bbe194.png', 1, 'Pizza is a savory dish of Italian origin consisting of a usually round, flattened base of leavened wheat-based dough topped with tomatoes, cheese, and often various other ingredients, which is then baked at a high temperature, traditionally in a wood-fired oven. A small pizza', '<div class="tab-pane fade show active" id="pills-home" role="tabpanel" aria-labelledby="pills-home-tab" tabindex="0">\r\n                                <div class="menu_det_description">\r\n                                    <p>Ipsum dolor, sit amet consectetur adipisicing elit. Doloribus consectetur\r\n                                        ullam in? Beatae, dolorum ad ea deleniti ratione voluptatum similique omnis\r\n                                        voluptas tempora optio soluta vero veritatis reiciendis blanditiis architecto.\r\n                                        Debitis nesciunt inventore voluptate tempora ea incidunt iste, corporis, quo\r\n                                        cumque facere doloribus possimus nostrum sed magni quasi, assumenda autem!\r\n                                        Repudiandae nihil magnam provident illo alias vero odit repellendus, ipsa nemo\r\n                                        itaque. Aperiam fuga, magnam quia illum minima blanditiis tempore. vero\r\n                                        veritatis reiciendis blanditiis architecto. Debitis nesciunt inventore voluptate\r\n                                        tempora ea incidunt iste, corporis, quo cumque facere doloribus possimus nostrum\r\n                                        sed magni quasi</p>\r\n                                    <ul><li>Lorem ipsum dolor, sit amet consectetur adipisicing elit. Doloribus\r\n                                            consectetur ullam in</li><li>Dolor sit amet consectetur adipisicing elit. Earum itaque nesciunt.</li><li>Corporis, quo cumque facere doloribus possimus nostrum sed magni quasi.</li><li>Reiciendis blanditiis architecto. Debitis nesciunt inventore voluptate\r\n                                            tempora ea.</li><li>Incidunt iste, corporis, quo cumque facere doloribus possimus\r\n                                            nostrum sed magni quasi</li><li>Architecto. Debitis nesciunt inventore voluptate tempora ea incidunt iste\r\n                                            corporis.</li><li>Earum itaque nesciunt dolor laudantium placeat sed velit aspernatur.</li><li>Laudantium placeat sed velit aspernatur, nobis quos quibusdam distinctio\r\n                                            voluptatum.</li></ul>\r\n                                    <p>Lorem ipsum dolor sit amet consectetur adipisicing elit. Earum itaque nesciunt\r\n                                        dolor laudantium placeat sed velit aspernatur, nobis quos quibusdam distinctio\r\n                                        voluptatum officia vel sapiente enim, reprehenderit impedit beatae molestias\r\n                                        dolorum. A laborum consectetur sed quis exercitationem optio consequatur, unde\r\n                                        neque est odit, pariatur quae incidunt quasi dolorem nihil aliquid ut veritatis\r\n                                        porro eaque cupiditate voluptatem vel ad! Asperiores, praesentium. sit amet\r\n                                        consectetur adipisicing elit. Doloribus consectetur ullam in? Beatae, dolorum ad\r\n                                        ea deleniti ratione voluptatum similique omnis voluptas tempora optio soluta</p>\r\n\r\n                                    <ul><li>Reiciendis blanditiis architecto. Debitis nesciunt inventore voluptate\r\n                                            tempora ea.</li><li>Incidunt iste, corporis, quo cumque facere doloribus possimus\r\n                                            nostrum sed magni quasi</li><li>Architecto. Debitis nesciunt inventore voluptate tempora ea incidunt iste\r\n                                            corporis.</li><li>Earum itaque nesciunt dolor laudantium placeat sed velit aspernatur.</li><li>Laudantium placeat sed velit aspernatur, nobis quos quibusdam distinctio\r\n                                            voluptatum.</li></ul>\r\n                                    <p>Lorem ipsum dolor, sit amet consectetur adipisicing elit. Doloribus consectetur\r\n                                        ullam in? Beatae, dolorum ad ea deleniti ratione voluptatum similique omnis\r\n                                        voluptas tempora optio soluta vero veritatis reiciendis blanditiis architecto.\r\n                                        Debitis nesciunt inventore voluptate tempora ea incidunt iste, corporis, quo\r\n                                        cumque facere doloribus possimus nostrum sed magni quasi, assumenda autem!\r\n                                        Repudiandae nihil magnam provident illo alias vero odit repellendus, ipsa nemo\r\n                                        itaque. Aperiam fuga, magnam quia illum minima blanditiis tempore.</p>\r\n                                </div>\r\n                            </div><p><br></p><p></p>', 99, 70, 500, 'MKV-2342345', NULL, NULL, 1, 1, '2023-09-19 22:29:15', '2023-09-19 22:29:15'),
	(5, 'Hot Dog', 'hot-dog', '/uploads/media_650a759eeca6d.jpg', 1, 'Pizza is a savory dish of Italian origin consisting of a usually round, flattened base of leavened wheat-based dough topped with tomatoes, cheese, and often various other ingredients, which is then baked at a high temperature, traditionally in a wood-fired oven. A small pizza', '<div class="tab-pane fade show active" id="pills-home" role="tabpanel" aria-labelledby="pills-home-tab" tabindex="0">\r\n                                <div class="menu_det_description">\r\n                                    <p>Ipsum dolor, sit amet consectetur adipisicing elit. Doloribus consectetur\r\n                                        ullam in? Beatae, dolorum ad ea deleniti ratione voluptatum similique omnis\r\n                                        voluptas tempora optio soluta vero veritatis reiciendis blanditiis architecto.\r\n                                        Debitis nesciunt inventore voluptate tempora ea incidunt iste, corporis, quo\r\n                                        cumque facere doloribus possimus nostrum sed magni quasi, assumenda autem!\r\n                                        Repudiandae nihil magnam provident illo alias vero odit repellendus, ipsa nemo\r\n                                        itaque. Aperiam fuga, magnam quia illum minima blanditiis tempore. vero\r\n                                        veritatis reiciendis blanditiis architecto. Debitis nesciunt inventore voluptate\r\n                                        tempora ea incidunt iste, corporis, quo cumque facere doloribus possimus nostrum\r\n                                        sed magni quasi</p>\r\n                                    <ul><li>Lorem ipsum dolor, sit amet consectetur adipisicing elit. Doloribus\r\n                                            consectetur ullam in</li><li>Dolor sit amet consectetur adipisicing elit. Earum itaque nesciunt.</li><li>Corporis, quo cumque facere doloribus possimus nostrum sed magni quasi.</li><li>Reiciendis blanditiis architecto. Debitis nesciunt inventore voluptate\r\n                                            tempora ea.</li><li>Incidunt iste, corporis, quo cumque facere doloribus possimus\r\n                                            nostrum sed magni quasi</li><li>Architecto. Debitis nesciunt inventore voluptate tempora ea incidunt iste\r\n                                            corporis.</li><li>Earum itaque nesciunt dolor laudantium placeat sed velit aspernatur.</li><li>Laudantium placeat sed velit aspernatur, nobis quos quibusdam distinctio\r\n                                            voluptatum.</li></ul>\r\n                                    <p>Lorem ipsum dolor sit amet consectetur adipisicing elit. Earum itaque nesciunt\r\n                                        dolor laudantium placeat sed velit aspernatur, nobis quos quibusdam distinctio\r\n                                        voluptatum officia vel sapiente enim, reprehenderit impedit beatae molestias\r\n                                        dolorum. A laborum consectetur sed quis exercitationem optio consequatur, unde\r\n                                        neque est odit, pariatur quae incidunt quasi dolorem nihil aliquid ut veritatis\r\n                                        porro eaque cupiditate voluptatem vel ad! Asperiores, praesentium. sit amet\r\n                                        consectetur adipisicing elit. Doloribus consectetur ullam in? Beatae, dolorum ad\r\n                                        ea deleniti ratione voluptatum similique omnis voluptas tempora optio soluta</p>\r\n\r\n                                    <ul><li>Reiciendis blanditiis architecto. Debitis nesciunt inventore voluptate\r\n                                            tempora ea.</li><li>Incidunt iste, corporis, quo cumque facere doloribus possimus\r\n                                            nostrum sed magni quasi</li><li>Architecto. Debitis nesciunt inventore voluptate tempora ea incidunt iste\r\n                                            corporis.</li><li>Earum itaque nesciunt dolor laudantium placeat sed velit aspernatur.</li><li>Laudantium placeat sed velit aspernatur, nobis quos quibusdam distinctio\r\n                                            voluptatum.</li></ul>\r\n                                    <p>Lorem ipsum dolor, sit amet consectetur adipisicing elit. Doloribus consectetur\r\n                                        ullam in? Beatae, dolorum ad ea deleniti ratione voluptatum similique omnis\r\n                                        voluptas tempora optio soluta vero veritatis reiciendis blanditiis architecto.\r\n                                        Debitis nesciunt inventore voluptate tempora ea incidunt iste, corporis, quo\r\n                                        cumque facere doloribus possimus nostrum sed magni quasi, assumenda autem!\r\n                                        Repudiandae nihil magnam provident illo alias vero odit repellendus, ipsa nemo\r\n                                        itaque. Aperiam fuga, magnam quia illum minima blanditiis tempore.</p>\r\n                                </div>\r\n                            </div><p><br></p><p></p>', 30, 15, 200, 'SIK-43234', NULL, NULL, 1, 1, '2023-09-19 22:31:26', '2023-09-19 22:31:26'),
	(6, 'Pizza Slice', 'pizza-slice', '/uploads/media_650a760a21304.jpg', 2, 'Pizza is a savory dish of Italian origin consisting of a usually round, flattened base of leavened wheat-based dough topped with tomatoes, cheese, and often various other ingredients, which is then baked at a high temperature, traditionally in a wood-fired oven. A small pizza', '<div class="tab-pane fade show active" id="pills-home" role="tabpanel" aria-labelledby="pills-home-tab" tabindex="0">\r\n                                <div class="menu_det_description">\r\n                                    <p>Ipsum dolor, sit amet consectetur adipisicing elit. Doloribus consectetur\r\n                                        ullam in? Beatae, dolorum ad ea deleniti ratione voluptatum similique omnis\r\n                                        voluptas tempora optio soluta vero veritatis reiciendis blanditiis architecto.\r\n                                        Debitis nesciunt inventore voluptate tempora ea incidunt iste, corporis, quo\r\n                                        cumque facere doloribus possimus nostrum sed magni quasi, assumenda autem!\r\n                                        Repudiandae nihil magnam provident illo alias vero odit repellendus, ipsa nemo\r\n                                        itaque. Aperiam fuga, magnam quia illum minima blanditiis tempore. vero\r\n                                        veritatis reiciendis blanditiis architecto. Debitis nesciunt inventore voluptate\r\n                                        tempora ea incidunt iste, corporis, quo cumque facere doloribus possimus nostrum\r\n                                        sed magni quasi</p>\r\n                                    <ul><li>Lorem ipsum dolor, sit amet consectetur adipisicing elit. Doloribus\r\n                                            consectetur ullam in</li><li>Dolor sit amet consectetur adipisicing elit. Earum itaque nesciunt.</li><li>Corporis, quo cumque facere doloribus possimus nostrum sed magni quasi.</li><li>Reiciendis blanditiis architecto. Debitis nesciunt inventore voluptate\r\n                                            tempora ea.</li><li>Incidunt iste, corporis, quo cumque facere doloribus possimus\r\n                                            nostrum sed magni quasi</li><li>Architecto. Debitis nesciunt inventore voluptate tempora ea incidunt iste\r\n                                            corporis.</li><li>Earum itaque nesciunt dolor laudantium placeat sed velit aspernatur.</li><li>Laudantium placeat sed velit aspernatur, nobis quos quibusdam distinctio\r\n                                            voluptatum.</li></ul>\r\n                                    <p>Lorem ipsum dolor sit amet consectetur adipisicing elit. Earum itaque nesciunt\r\n                                        dolor laudantium placeat sed velit aspernatur, nobis quos quibusdam distinctio\r\n                                        voluptatum officia vel sapiente enim, reprehenderit impedit beatae molestias\r\n                                        dolorum. A laborum consectetur sed quis exercitationem optio consequatur, unde\r\n                                        neque est odit, pariatur quae incidunt quasi dolorem nihil aliquid ut veritatis\r\n                                        porro eaque cupiditate voluptatem vel ad! Asperiores, praesentium. sit amet\r\n                                        consectetur adipisicing elit. Doloribus consectetur ullam in? Beatae, dolorum ad\r\n                                        ea deleniti ratione voluptatum similique omnis voluptas tempora optio soluta</p>\r\n\r\n                                    <ul><li>Reiciendis blanditiis architecto. Debitis nesciunt inventore voluptate\r\n                                            tempora ea.</li><li>Incidunt iste, corporis, quo cumque facere doloribus possimus\r\n                                            nostrum sed magni quasi</li><li>Architecto. Debitis nesciunt inventore voluptate tempora ea incidunt iste\r\n                                            corporis.</li><li>Earum itaque nesciunt dolor laudantium placeat sed velit aspernatur.</li><li>Laudantium placeat sed velit aspernatur, nobis quos quibusdam distinctio\r\n                                            voluptatum.</li></ul>\r\n                                    <p>Lorem ipsum dolor, sit amet consectetur adipisicing elit. Doloribus consectetur\r\n                                        ullam in? Beatae, dolorum ad ea deleniti ratione voluptatum similique omnis\r\n                                        voluptas tempora optio soluta vero veritatis reiciendis blanditiis architecto.\r\n                                        Debitis nesciunt inventore voluptate tempora ea incidunt iste, corporis, quo\r\n                                        cumque facere doloribus possimus nostrum sed magni quasi, assumenda autem!\r\n                                        Repudiandae nihil magnam provident illo alias vero odit repellendus, ipsa nemo\r\n                                        itaque. Aperiam fuga, magnam quia illum minima blanditiis tempore.</p>\r\n                                </div>\r\n                            </div><p><br></p><p></p>', 60, 0, 500, 'MKV-2342345', NULL, NULL, 1, 1, '2023-09-19 22:33:14', '2023-09-19 22:33:14'),
	(7, 'Chicken Tenders', 'chicken-tenders', '/uploads/media_650a7632bfe22.png', 2, 'Pizza is a savory dish of Italian origin consisting of a usually round, flattened base of leavened wheat-based dough topped with tomatoes, cheese, and often various other ingredients, which is then baked at a high temperature, traditionally in a wood-fired oven. A small pizza', '<div class="tab-pane fade show active" id="pills-home" role="tabpanel" aria-labelledby="pills-home-tab" tabindex="0">\r\n                                <div class="menu_det_description">\r\n                                    <p>Ipsum dolor, sit amet consectetur adipisicing elit. Doloribus consectetur\r\n                                        ullam in? Beatae, dolorum ad ea deleniti ratione voluptatum similique omnis\r\n                                        voluptas tempora optio soluta vero veritatis reiciendis blanditiis architecto.\r\n                                        Debitis nesciunt inventore voluptate tempora ea incidunt iste, corporis, quo\r\n                                        cumque facere doloribus possimus nostrum sed magni quasi, assumenda autem!\r\n                                        Repudiandae nihil magnam provident illo alias vero odit repellendus, ipsa nemo\r\n                                        itaque. Aperiam fuga, magnam quia illum minima blanditiis tempore. vero\r\n                                        veritatis reiciendis blanditiis architecto. Debitis nesciunt inventore voluptate\r\n                                        tempora ea incidunt iste, corporis, quo cumque facere doloribus possimus nostrum\r\n                                        sed magni quasi</p>\r\n                                    <ul><li>Lorem ipsum dolor, sit amet consectetur adipisicing elit. Doloribus\r\n                                            consectetur ullam in</li><li>Dolor sit amet consectetur adipisicing elit. Earum itaque nesciunt.</li><li>Corporis, quo cumque facere doloribus possimus nostrum sed magni quasi.</li><li>Reiciendis blanditiis architecto. Debitis nesciunt inventore voluptate\r\n                                            tempora ea.</li><li>Incidunt iste, corporis, quo cumque facere doloribus possimus\r\n                                            nostrum sed magni quasi</li><li>Architecto. Debitis nesciunt inventore voluptate tempora ea incidunt iste\r\n                                            corporis.</li><li>Earum itaque nesciunt dolor laudantium placeat sed velit aspernatur.</li><li>Laudantium placeat sed velit aspernatur, nobis quos quibusdam distinctio\r\n                                            voluptatum.</li></ul>\r\n                                    <p>Lorem ipsum dolor sit amet consectetur adipisicing elit. Earum itaque nesciunt\r\n                                        dolor laudantium placeat sed velit aspernatur, nobis quos quibusdam distinctio\r\n                                        voluptatum officia vel sapiente enim, reprehenderit impedit beatae molestias\r\n                                        dolorum. A laborum consectetur sed quis exercitationem optio consequatur, unde\r\n                                        neque est odit, pariatur quae incidunt quasi dolorem nihil aliquid ut veritatis\r\n                                        porro eaque cupiditate voluptatem vel ad! Asperiores, praesentium. sit amet\r\n                                        consectetur adipisicing elit. Doloribus consectetur ullam in? Beatae, dolorum ad\r\n                                        ea deleniti ratione voluptatum similique omnis voluptas tempora optio soluta</p>\r\n\r\n                                    <ul><li>Reiciendis blanditiis architecto. Debitis nesciunt inventore voluptate\r\n                                            tempora ea.</li><li>Incidunt iste, corporis, quo cumque facere doloribus possimus\r\n                                            nostrum sed magni quasi</li><li>Architecto. Debitis nesciunt inventore voluptate tempora ea incidunt iste\r\n                                            corporis.</li><li>Earum itaque nesciunt dolor laudantium placeat sed velit aspernatur.</li><li>Laudantium placeat sed velit aspernatur, nobis quos quibusdam distinctio\r\n                                            voluptatum.</li></ul>\r\n                                    <p>Lorem ipsum dolor, sit amet consectetur adipisicing elit. Doloribus consectetur\r\n                                        ullam in? Beatae, dolorum ad ea deleniti ratione voluptatum similique omnis\r\n                                        voluptas tempora optio soluta vero veritatis reiciendis blanditiis architecto.\r\n                                        Debitis nesciunt inventore voluptate tempora ea incidunt iste, corporis, quo\r\n                                        cumque facere doloribus possimus nostrum sed magni quasi, assumenda autem!\r\n                                        Repudiandae nihil magnam provident illo alias vero odit repellendus, ipsa nemo\r\n                                        itaque. Aperiam fuga, magnam quia illum minima blanditiis tempore.</p>\r\n                                </div>\r\n                            </div><p><br></p><p></p>', 60, 0, 1000, 'MKV-2342345', NULL, NULL, 1, 1, '2023-09-19 22:33:54', '2023-09-19 22:33:54'),
	(8, 'Soft Pretzel', 'soft-pretzel', '/uploads/media_650a765be1323.jpg', 2, 'Pizza is a savory dish of Italian origin consisting of a usually round, flattened base of leavened wheat-based dough topped with tomatoes, cheese, and often various other ingredients, which is then baked at a high temperature, traditionally in a wood-fired oven. A small pizza', '<div class="tab-pane fade show active" id="pills-home" role="tabpanel" aria-labelledby="pills-home-tab" tabindex="0">\r\n                                <div class="menu_det_description">\r\n                                    <p>Ipsum dolor, sit amet consectetur adipisicing elit. Doloribus consectetur\r\n                                        ullam in? Beatae, dolorum ad ea deleniti ratione voluptatum similique omnis\r\n                                        voluptas tempora optio soluta vero veritatis reiciendis blanditiis architecto.\r\n                                        Debitis nesciunt inventore voluptate tempora ea incidunt iste, corporis, quo\r\n                                        cumque facere doloribus possimus nostrum sed magni quasi, assumenda autem!\r\n                                        Repudiandae nihil magnam provident illo alias vero odit repellendus, ipsa nemo\r\n                                        itaque. Aperiam fuga, magnam quia illum minima blanditiis tempore. vero\r\n                                        veritatis reiciendis blanditiis architecto. Debitis nesciunt inventore voluptate\r\n                                        tempora ea incidunt iste, corporis, quo cumque facere doloribus possimus nostrum\r\n                                        sed magni quasi</p>\r\n                                    <ul><li>Lorem ipsum dolor, sit amet consectetur adipisicing elit. Doloribus\r\n                                            consectetur ullam in</li><li>Dolor sit amet consectetur adipisicing elit. Earum itaque nesciunt.</li><li>Corporis, quo cumque facere doloribus possimus nostrum sed magni quasi.</li><li>Reiciendis blanditiis architecto. Debitis nesciunt inventore voluptate\r\n                                            tempora ea.</li><li>Incidunt iste, corporis, quo cumque facere doloribus possimus\r\n                                            nostrum sed magni quasi</li><li>Architecto. Debitis nesciunt inventore voluptate tempora ea incidunt iste\r\n                                            corporis.</li><li>Earum itaque nesciunt dolor laudantium placeat sed velit aspernatur.</li><li>Laudantium placeat sed velit aspernatur, nobis quos quibusdam distinctio\r\n                                            voluptatum.</li></ul>\r\n                                    <p>Lorem ipsum dolor sit amet consectetur adipisicing elit. Earum itaque nesciunt\r\n                                        dolor laudantium placeat sed velit aspernatur, nobis quos quibusdam distinctio\r\n                                        voluptatum officia vel sapiente enim, reprehenderit impedit beatae molestias\r\n                                        dolorum. A laborum consectetur sed quis exercitationem optio consequatur, unde\r\n                                        neque est odit, pariatur quae incidunt quasi dolorem nihil aliquid ut veritatis\r\n                                        porro eaque cupiditate voluptatem vel ad! Asperiores, praesentium. sit amet\r\n                                        consectetur adipisicing elit. Doloribus consectetur ullam in? Beatae, dolorum ad\r\n                                        ea deleniti ratione voluptatum similique omnis voluptas tempora optio soluta</p>\r\n\r\n                                    <ul><li>Reiciendis blanditiis architecto. Debitis nesciunt inventore voluptate\r\n                                            tempora ea.</li><li>Incidunt iste, corporis, quo cumque facere doloribus possimus\r\n                                            nostrum sed magni quasi</li><li>Architecto. Debitis nesciunt inventore voluptate tempora ea incidunt iste\r\n                                            corporis.</li><li>Earum itaque nesciunt dolor laudantium placeat sed velit aspernatur.</li><li>Laudantium placeat sed velit aspernatur, nobis quos quibusdam distinctio\r\n                                            voluptatum.</li></ul>\r\n                                    <p>Lorem ipsum dolor, sit amet consectetur adipisicing elit. Doloribus consectetur\r\n                                        ullam in? Beatae, dolorum ad ea deleniti ratione voluptatum similique omnis\r\n                                        voluptas tempora optio soluta vero veritatis reiciendis blanditiis architecto.\r\n                                        Debitis nesciunt inventore voluptate tempora ea incidunt iste, corporis, quo\r\n                                        cumque facere doloribus possimus nostrum sed magni quasi, assumenda autem!\r\n                                        Repudiandae nihil magnam provident illo alias vero odit repellendus, ipsa nemo\r\n                                        itaque. Aperiam fuga, magnam quia illum minima blanditiis tempore.</p>\r\n                                </div>\r\n                            </div><p><br></p><p></p>', 60, 0, 500, 'MKV-2342345', NULL, NULL, 1, 1, '2023-09-19 22:34:35', '2023-09-19 22:34:35'),
	(9, 'Onion Rings', 'onion-rings', '/uploads/media_650a769246762.png', 2, 'Pizza is a savory dish of Italian origin consisting of a usually round, flattened base of leavened wheat-based dough topped with tomatoes, cheese, and often various other ingredients, which is then baked at a high temperature, traditionally in a wood-fired oven. A small pizza', '<div class="tab-pane fade show active" id="pills-home" role="tabpanel" aria-labelledby="pills-home-tab" tabindex="0">\r\n                                <div class="menu_det_description">\r\n                                    <p>Ipsum dolor, sit amet consectetur adipisicing elit. Doloribus consectetur\r\n                                        ullam in? Beatae, dolorum ad ea deleniti ratione voluptatum similique omnis\r\n                                        voluptas tempora optio soluta vero veritatis reiciendis blanditiis architecto.\r\n                                        Debitis nesciunt inventore voluptate tempora ea incidunt iste, corporis, quo\r\n                                        cumque facere doloribus possimus nostrum sed magni quasi, assumenda autem!\r\n                                        Repudiandae nihil magnam provident illo alias vero odit repellendus, ipsa nemo\r\n                                        itaque. Aperiam fuga, magnam quia illum minima blanditiis tempore. vero\r\n                                        veritatis reiciendis blanditiis architecto. Debitis nesciunt inventore voluptate\r\n                                        tempora ea incidunt iste, corporis, quo cumque facere doloribus possimus nostrum\r\n                                        sed magni quasi</p>\r\n                                    <ul><li>Lorem ipsum dolor, sit amet consectetur adipisicing elit. Doloribus\r\n                                            consectetur ullam in</li><li>Dolor sit amet consectetur adipisicing elit. Earum itaque nesciunt.</li><li>Corporis, quo cumque facere doloribus possimus nostrum sed magni quasi.</li><li>Reiciendis blanditiis architecto. Debitis nesciunt inventore voluptate\r\n                                            tempora ea.</li><li>Incidunt iste, corporis, quo cumque facere doloribus possimus\r\n                                            nostrum sed magni quasi</li><li>Architecto. Debitis nesciunt inventore voluptate tempora ea incidunt iste\r\n                                            corporis.</li><li>Earum itaque nesciunt dolor laudantium placeat sed velit aspernatur.</li><li>Laudantium placeat sed velit aspernatur, nobis quos quibusdam distinctio\r\n                                            voluptatum.</li></ul>\r\n                                    <p>Lorem ipsum dolor sit amet consectetur adipisicing elit. Earum itaque nesciunt\r\n                                        dolor laudantium placeat sed velit aspernatur, nobis quos quibusdam distinctio\r\n                                        voluptatum officia vel sapiente enim, reprehenderit impedit beatae molestias\r\n                                        dolorum. A laborum consectetur sed quis exercitationem optio consequatur, unde\r\n                                        neque est odit, pariatur quae incidunt quasi dolorem nihil aliquid ut veritatis\r\n                                        porro eaque cupiditate voluptatem vel ad! Asperiores, praesentium. sit amet\r\n                                        consectetur adipisicing elit. Doloribus consectetur ullam in? Beatae, dolorum ad\r\n                                        ea deleniti ratione voluptatum similique omnis voluptas tempora optio soluta</p>\r\n\r\n                                    <ul><li>Reiciendis blanditiis architecto. Debitis nesciunt inventore voluptate\r\n                                            tempora ea.</li><li>Incidunt iste, corporis, quo cumque facere doloribus possimus\r\n                                            nostrum sed magni quasi</li><li>Architecto. Debitis nesciunt inventore voluptate tempora ea incidunt iste\r\n                                            corporis.</li><li>Earum itaque nesciunt dolor laudantium placeat sed velit aspernatur.</li><li>Laudantium placeat sed velit aspernatur, nobis quos quibusdam distinctio\r\n                                            voluptatum.</li></ul>\r\n                                    <p>Lorem ipsum dolor, sit amet consectetur adipisicing elit. Doloribus consectetur\r\n                                        ullam in? Beatae, dolorum ad ea deleniti ratione voluptatum similique omnis\r\n                                        voluptas tempora optio soluta vero veritatis reiciendis blanditiis architecto.\r\n                                        Debitis nesciunt inventore voluptate tempora ea incidunt iste, corporis, quo\r\n                                        cumque facere doloribus possimus nostrum sed magni quasi, assumenda autem!\r\n                                        Repudiandae nihil magnam provident illo alias vero odit repellendus, ipsa nemo\r\n                                        itaque. Aperiam fuga, magnam quia illum minima blanditiis tempore.</p>\r\n                                </div>\r\n                            </div><p><br></p><p></p>', 60, 15, 1000, 'MKV-2342345', NULL, NULL, 1, 1, '2023-09-19 22:35:30', '2023-09-19 22:35:30'),
	(10, 'Burrito', 'burrito', '/uploads/media_650a76fdeac51.png', 3, 'Pizza is a savory dish of Italian origin consisting of a usually round, flattened base of leavened wheat-based dough topped with tomatoes, cheese, and often various other ingredients, which is then baked at a high temperature, traditionally in a wood-fired oven. A small pizza', '<div class="tab-pane fade show active" id="pills-home" role="tabpanel" aria-labelledby="pills-home-tab" tabindex="0">\r\n                                <div class="menu_det_description">\r\n                                    <p>Ipsum dolor, sit amet consectetur adipisicing elit. Doloribus consectetur\r\n                                        ullam in? Beatae, dolorum ad ea deleniti ratione voluptatum similique omnis\r\n                                        voluptas tempora optio soluta vero veritatis reiciendis blanditiis architecto.\r\n                                        Debitis nesciunt inventore voluptate tempora ea incidunt iste, corporis, quo\r\n                                        cumque facere doloribus possimus nostrum sed magni quasi, assumenda autem!\r\n                                        Repudiandae nihil magnam provident illo alias vero odit repellendus, ipsa nemo\r\n                                        itaque. Aperiam fuga, magnam quia illum minima blanditiis tempore. vero\r\n                                        veritatis reiciendis blanditiis architecto. Debitis nesciunt inventore voluptate\r\n                                        tempora ea incidunt iste, corporis, quo cumque facere doloribus possimus nostrum\r\n                                        sed magni quasi</p>\r\n                                    <ul><li>Lorem ipsum dolor, sit amet consectetur adipisicing elit. Doloribus\r\n                                            consectetur ullam in</li><li>Dolor sit amet consectetur adipisicing elit. Earum itaque nesciunt.</li><li>Corporis, quo cumque facere doloribus possimus nostrum sed magni quasi.</li><li>Reiciendis blanditiis architecto. Debitis nesciunt inventore voluptate\r\n                                            tempora ea.</li><li>Incidunt iste, corporis, quo cumque facere doloribus possimus\r\n                                            nostrum sed magni quasi</li><li>Architecto. Debitis nesciunt inventore voluptate tempora ea incidunt iste\r\n                                            corporis.</li><li>Earum itaque nesciunt dolor laudantium placeat sed velit aspernatur.</li><li>Laudantium placeat sed velit aspernatur, nobis quos quibusdam distinctio\r\n                                            voluptatum.</li></ul>\r\n                                    <p>Lorem ipsum dolor sit amet consectetur adipisicing elit. Earum itaque nesciunt\r\n                                        dolor laudantium placeat sed velit aspernatur, nobis quos quibusdam distinctio\r\n                                        voluptatum officia vel sapiente enim, reprehenderit impedit beatae molestias\r\n                                        dolorum. A laborum consectetur sed quis exercitationem optio consequatur, unde\r\n                                        neque est odit, pariatur quae incidunt quasi dolorem nihil aliquid ut veritatis\r\n                                        porro eaque cupiditate voluptatem vel ad! Asperiores, praesentium. sit amet\r\n                                        consectetur adipisicing elit. Doloribus consectetur ullam in? Beatae, dolorum ad\r\n                                        ea deleniti ratione voluptatum similique omnis voluptas tempora optio soluta</p>\r\n\r\n                                    <ul><li>Reiciendis blanditiis architecto. Debitis nesciunt inventore voluptate\r\n                                            tempora ea.</li><li>Incidunt iste, corporis, quo cumque facere doloribus possimus\r\n                                            nostrum sed magni quasi</li><li>Architecto. Debitis nesciunt inventore voluptate tempora ea incidunt iste\r\n                                            corporis.</li><li>Earum itaque nesciunt dolor laudantium placeat sed velit aspernatur.</li><li>Laudantium placeat sed velit aspernatur, nobis quos quibusdam distinctio\r\n                                            voluptatum.</li></ul>\r\n                                    <p>Lorem ipsum dolor, sit amet consectetur adipisicing elit. Doloribus consectetur\r\n                                        ullam in? Beatae, dolorum ad ea deleniti ratione voluptatum similique omnis\r\n                                        voluptas tempora optio soluta vero veritatis reiciendis blanditiis architecto.\r\n                                        Debitis nesciunt inventore voluptate tempora ea incidunt iste, corporis, quo\r\n                                        cumque facere doloribus possimus nostrum sed magni quasi, assumenda autem!\r\n                                        Repudiandae nihil magnam provident illo alias vero odit repellendus, ipsa nemo\r\n                                        itaque. Aperiam fuga, magnam quia illum minima blanditiis tempore.</p>\r\n                                </div>\r\n                            </div><p><br></p><p></p>', 60, 0, 500, 'MKV-2342345', NULL, NULL, 1, 1, '2023-09-19 22:37:17', '2023-09-19 22:37:17'),
	(11, 'Taco', 'taco', '/uploads/media_650a774591f0a.png', 3, 'Pizza is a savory dish of Italian origin consisting of a usually round, flattened base of leavened wheat-based dough topped with tomatoes, cheese, and often various other ingredients, which is then baked at a high temperature, traditionally in a wood-fired oven. A small pizza', '<div class="tab-pane fade show active" id="pills-home" role="tabpanel" aria-labelledby="pills-home-tab" tabindex="0">\r\n                                <div class="menu_det_description">\r\n                                    <p>Ipsum dolor, sit amet consectetur adipisicing elit. Doloribus consectetur\r\n                                        ullam in? Beatae, dolorum ad ea deleniti ratione voluptatum similique omnis\r\n                                        voluptas tempora optio soluta vero veritatis reiciendis blanditiis architecto.\r\n                                        Debitis nesciunt inventore voluptate tempora ea incidunt iste, corporis, quo\r\n                                        cumque facere doloribus possimus nostrum sed magni quasi, assumenda autem!\r\n                                        Repudiandae nihil magnam provident illo alias vero odit repellendus, ipsa nemo\r\n                                        itaque. Aperiam fuga, magnam quia illum minima blanditiis tempore. vero\r\n                                        veritatis reiciendis blanditiis architecto. Debitis nesciunt inventore voluptate\r\n                                        tempora ea incidunt iste, corporis, quo cumque facere doloribus possimus nostrum\r\n                                        sed magni quasi</p>\r\n                                    <ul><li>Lorem ipsum dolor, sit amet consectetur adipisicing elit. Doloribus\r\n                                            consectetur ullam in</li><li>Dolor sit amet consectetur adipisicing elit. Earum itaque nesciunt.</li><li>Corporis, quo cumque facere doloribus possimus nostrum sed magni quasi.</li><li>Reiciendis blanditiis architecto. Debitis nesciunt inventore voluptate\r\n                                            tempora ea.</li><li>Incidunt iste, corporis, quo cumque facere doloribus possimus\r\n                                            nostrum sed magni quasi</li><li>Architecto. Debitis nesciunt inventore voluptate tempora ea incidunt iste\r\n                                            corporis.</li><li>Earum itaque nesciunt dolor laudantium placeat sed velit aspernatur.</li><li>Laudantium placeat sed velit aspernatur, nobis quos quibusdam distinctio\r\n                                            voluptatum.</li></ul>\r\n                                    <p>Lorem ipsum dolor sit amet consectetur adipisicing elit. Earum itaque nesciunt\r\n                                        dolor laudantium placeat sed velit aspernatur, nobis quos quibusdam distinctio\r\n                                        voluptatum officia vel sapiente enim, reprehenderit impedit beatae molestias\r\n                                        dolorum. A laborum consectetur sed quis exercitationem optio consequatur, unde\r\n                                        neque est odit, pariatur quae incidunt quasi dolorem nihil aliquid ut veritatis\r\n                                        porro eaque cupiditate voluptatem vel ad! Asperiores, praesentium. sit amet\r\n                                        consectetur adipisicing elit. Doloribus consectetur ullam in? Beatae, dolorum ad\r\n                                        ea deleniti ratione voluptatum similique omnis voluptas tempora optio soluta</p>\r\n\r\n                                    <ul><li>Reiciendis blanditiis architecto. Debitis nesciunt inventore voluptate\r\n                                            tempora ea.</li><li>Incidunt iste, corporis, quo cumque facere doloribus possimus\r\n                                            nostrum sed magni quasi</li><li>Architecto. Debitis nesciunt inventore voluptate tempora ea incidunt iste\r\n                                            corporis.</li><li>Earum itaque nesciunt dolor laudantium placeat sed velit aspernatur.</li><li>Laudantium placeat sed velit aspernatur, nobis quos quibusdam distinctio\r\n                                            voluptatum.</li></ul>\r\n                                    <p>Lorem ipsum dolor, sit amet consectetur adipisicing elit. Doloribus consectetur\r\n                                        ullam in? Beatae, dolorum ad ea deleniti ratione voluptatum similique omnis\r\n                                        voluptas tempora optio soluta vero veritatis reiciendis blanditiis architecto.\r\n                                        Debitis nesciunt inventore voluptate tempora ea incidunt iste, corporis, quo\r\n                                        cumque facere doloribus possimus nostrum sed magni quasi, assumenda autem!\r\n                                        Repudiandae nihil magnam provident illo alias vero odit repellendus, ipsa nemo\r\n                                        itaque. Aperiam fuga, magnam quia illum minima blanditiis tempore.</p>\r\n                                </div>\r\n                            </div><p><br></p><p></p>', 10, 9, 200, 'MKV-2342345', NULL, NULL, 1, 1, '2023-09-19 22:38:29', '2023-09-19 22:38:29'),
	(12, 'Quesadilla', 'quesadilla', '/uploads/media_650a777cf2158.jpg', 3, 'Pizza is a savory dish of Italian origin consisting of a usually round, flattened base of leavened wheat-based dough topped with tomatoes, cheese, and often various other ingredients, which is then baked at a high temperature, traditionally in a wood-fired oven. A small pizza', '<div class="tab-pane fade show active" id="pills-home" role="tabpanel" aria-labelledby="pills-home-tab" tabindex="0">\r\n                                <div class="menu_det_description">\r\n                                    <p>Ipsum dolor, sit amet consectetur adipisicing elit. Doloribus consectetur\r\n                                        ullam in? Beatae, dolorum ad ea deleniti ratione voluptatum similique omnis\r\n                                        voluptas tempora optio soluta vero veritatis reiciendis blanditiis architecto.\r\n                                        Debitis nesciunt inventore voluptate tempora ea incidunt iste, corporis, quo\r\n                                        cumque facere doloribus possimus nostrum sed magni quasi, assumenda autem!\r\n                                        Repudiandae nihil magnam provident illo alias vero odit repellendus, ipsa nemo\r\n                                        itaque. Aperiam fuga, magnam quia illum minima blanditiis tempore. vero\r\n                                        veritatis reiciendis blanditiis architecto. Debitis nesciunt inventore voluptate\r\n                                        tempora ea incidunt iste, corporis, quo cumque facere doloribus possimus nostrum\r\n                                        sed magni quasi</p>\r\n                                    <ul><li>Lorem ipsum dolor, sit amet consectetur adipisicing elit. Doloribus\r\n                                            consectetur ullam in</li><li>Dolor sit amet consectetur adipisicing elit. Earum itaque nesciunt.</li><li>Corporis, quo cumque facere doloribus possimus nostrum sed magni quasi.</li><li>Reiciendis blanditiis architecto. Debitis nesciunt inventore voluptate\r\n                                            tempora ea.</li><li>Incidunt iste, corporis, quo cumque facere doloribus possimus\r\n                                            nostrum sed magni quasi</li><li>Architecto. Debitis nesciunt inventore voluptate tempora ea incidunt iste\r\n                                            corporis.</li><li>Earum itaque nesciunt dolor laudantium placeat sed velit aspernatur.</li><li>Laudantium placeat sed velit aspernatur, nobis quos quibusdam distinctio\r\n                                            voluptatum.</li></ul>\r\n                                    <p>Lorem ipsum dolor sit amet consectetur adipisicing elit. Earum itaque nesciunt\r\n                                        dolor laudantium placeat sed velit aspernatur, nobis quos quibusdam distinctio\r\n                                        voluptatum officia vel sapiente enim, reprehenderit impedit beatae molestias\r\n                                        dolorum. A laborum consectetur sed quis exercitationem optio consequatur, unde\r\n                                        neque est odit, pariatur quae incidunt quasi dolorem nihil aliquid ut veritatis\r\n                                        porro eaque cupiditate voluptatem vel ad! Asperiores, praesentium. sit amet\r\n                                        consectetur adipisicing elit. Doloribus consectetur ullam in? Beatae, dolorum ad\r\n                                        ea deleniti ratione voluptatum similique omnis voluptas tempora optio soluta</p>\r\n\r\n                                    <ul><li>Reiciendis blanditiis architecto. Debitis nesciunt inventore voluptate\r\n                                            tempora ea.</li><li>Incidunt iste, corporis, quo cumque facere doloribus possimus\r\n                                            nostrum sed magni quasi</li><li>Architecto. Debitis nesciunt inventore voluptate tempora ea incidunt iste\r\n                                            corporis.</li><li>Earum itaque nesciunt dolor laudantium placeat sed velit aspernatur.</li><li>Laudantium placeat sed velit aspernatur, nobis quos quibusdam distinctio\r\n                                            voluptatum.</li></ul>\r\n                                    <p>Lorem ipsum dolor, sit amet consectetur adipisicing elit. Doloribus consectetur\r\n                                        ullam in? Beatae, dolorum ad ea deleniti ratione voluptatum similique omnis\r\n                                        voluptas tempora optio soluta vero veritatis reiciendis blanditiis architecto.\r\n                                        Debitis nesciunt inventore voluptate tempora ea incidunt iste, corporis, quo\r\n                                        cumque facere doloribus possimus nostrum sed magni quasi, assumenda autem!\r\n                                        Repudiandae nihil magnam provident illo alias vero odit repellendus, ipsa nemo\r\n                                        itaque. Aperiam fuga, magnam quia illum minima blanditiis tempore.</p>\r\n                                </div>\r\n                            </div><p><br></p><p></p>', 60, 15, 200, NULL, NULL, NULL, 1, 1, '2023-09-19 22:39:24', '2023-09-19 22:39:24'),
	(13, 'Chicken Sandwich', 'chicken-sandwich', '/uploads/media_650a77ff7f1c7.jpg', 3, 'Pizza is a savory dish of Italian origin consisting of a usually round, flattened base of leavened wheat-based dough topped with tomatoes, cheese, and often various other ingredients, which is then baked at a high temperature, traditionally in a wood-fired oven. A small pizza', '<div class="tab-pane fade show active" id="pills-home" role="tabpanel" aria-labelledby="pills-home-tab" tabindex="0">\r\n                                <div class="menu_det_description">\r\n                                    <p>Ipsum dolor, sit amet consectetur adipisicing elit. Doloribus consectetur\r\n                                        ullam in? Beatae, dolorum ad ea deleniti ratione voluptatum similique omnis\r\n                                        voluptas tempora optio soluta vero veritatis reiciendis blanditiis architecto.\r\n                                        Debitis nesciunt inventore voluptate tempora ea incidunt iste, corporis, quo\r\n                                        cumque facere doloribus possimus nostrum sed magni quasi, assumenda autem!\r\n                                        Repudiandae nihil magnam provident illo alias vero odit repellendus, ipsa nemo\r\n                                        itaque. Aperiam fuga, magnam quia illum minima blanditiis tempore. vero\r\n                                        veritatis reiciendis blanditiis architecto. Debitis nesciunt inventore voluptate\r\n                                        tempora ea incidunt iste, corporis, quo cumque facere doloribus possimus nostrum\r\n                                        sed magni quasi</p>\r\n                                    <ul><li>Lorem ipsum dolor, sit amet consectetur adipisicing elit. Doloribus\r\n                                            consectetur ullam in</li><li>Dolor sit amet consectetur adipisicing elit. Earum itaque nesciunt.</li><li>Corporis, quo cumque facere doloribus possimus nostrum sed magni quasi.</li><li>Reiciendis blanditiis architecto. Debitis nesciunt inventore voluptate\r\n                                            tempora ea.</li><li>Incidunt iste, corporis, quo cumque facere doloribus possimus\r\n                                            nostrum sed magni quasi</li><li>Architecto. Debitis nesciunt inventore voluptate tempora ea incidunt iste\r\n                                            corporis.</li><li>Earum itaque nesciunt dolor laudantium placeat sed velit aspernatur.</li><li>Laudantium placeat sed velit aspernatur, nobis quos quibusdam distinctio\r\n                                            voluptatum.</li></ul>\r\n                                    <p>Lorem ipsum dolor sit amet consectetur adipisicing elit. Earum itaque nesciunt\r\n                                        dolor laudantium placeat sed velit aspernatur, nobis quos quibusdam distinctio\r\n                                        voluptatum officia vel sapiente enim, reprehenderit impedit beatae molestias\r\n                                        dolorum. A laborum consectetur sed quis exercitationem optio consequatur, unde\r\n                                        neque est odit, pariatur quae incidunt quasi dolorem nihil aliquid ut veritatis\r\n                                        porro eaque cupiditate voluptatem vel ad! Asperiores, praesentium. sit amet\r\n                                        consectetur adipisicing elit. Doloribus consectetur ullam in? Beatae, dolorum ad\r\n                                        ea deleniti ratione voluptatum similique omnis voluptas tempora optio soluta</p>\r\n\r\n                                    <ul><li>Reiciendis blanditiis architecto. Debitis nesciunt inventore voluptate\r\n                                            tempora ea.</li><li>Incidunt iste, corporis, quo cumque facere doloribus possimus\r\n                                            nostrum sed magni quasi</li><li>Architecto. Debitis nesciunt inventore voluptate tempora ea incidunt iste\r\n                                            corporis.</li><li>Earum itaque nesciunt dolor laudantium placeat sed velit aspernatur.</li><li>Laudantium placeat sed velit aspernatur, nobis quos quibusdam distinctio\r\n                                            voluptatum.</li></ul>\r\n                                    <p>Lorem ipsum dolor, sit amet consectetur adipisicing elit. Doloribus consectetur\r\n                                        ullam in? Beatae, dolorum ad ea deleniti ratione voluptatum similique omnis\r\n                                        voluptas tempora optio soluta vero veritatis reiciendis blanditiis architecto.\r\n                                        Debitis nesciunt inventore voluptate tempora ea incidunt iste, corporis, quo\r\n                                        cumque facere doloribus possimus nostrum sed magni quasi, assumenda autem!\r\n                                        Repudiandae nihil magnam provident illo alias vero odit repellendus, ipsa nemo\r\n                                        itaque. Aperiam fuga, magnam quia illum minima blanditiis tempore.</p>\r\n                                </div>\r\n                            </div><p><br></p><p></p>', 60, 50, 1000, 'MKV-2342345', NULL, NULL, 1, 1, '2023-09-19 22:41:35', '2023-09-19 22:41:35'),
	(14, 'Fish and Chips', 'fish-and-chips', '/uploads/media_650a783c31aa9.jpg', 3, 'Pizza is a savory dish of Italian origin consisting of a usually round, flattened base of leavened wheat-based dough topped with tomatoes, cheese, and often various other ingredients, which is then baked at a high temperature, traditionally in a wood-fired oven. A small pizza', '<div class="tab-pane fade show active" id="pills-home" role="tabpanel" aria-labelledby="pills-home-tab" tabindex="0">\r\n                                <div class="menu_det_description">\r\n                                    <p>Ipsum dolor, sit amet consectetur adipisicing elit. Doloribus consectetur\r\n                                        ullam in? Beatae, dolorum ad ea deleniti ratione voluptatum similique omnis\r\n                                        voluptas tempora optio soluta vero veritatis reiciendis blanditiis architecto.\r\n                                        Debitis nesciunt inventore voluptate tempora ea incidunt iste, corporis, quo\r\n                                        cumque facere doloribus possimus nostrum sed magni quasi, assumenda autem!\r\n                                        Repudiandae nihil magnam provident illo alias vero odit repellendus, ipsa nemo\r\n                                        itaque. Aperiam fuga, magnam quia illum minima blanditiis tempore. vero\r\n                                        veritatis reiciendis blanditiis architecto. Debitis nesciunt inventore voluptate\r\n                                        tempora ea incidunt iste, corporis, quo cumque facere doloribus possimus nostrum\r\n                                        sed magni quasi</p>\r\n                                    <ul><li>Lorem ipsum dolor, sit amet consectetur adipisicing elit. Doloribus\r\n                                            consectetur ullam in</li><li>Dolor sit amet consectetur adipisicing elit. Earum itaque nesciunt.</li><li>Corporis, quo cumque facere doloribus possimus nostrum sed magni quasi.</li><li>Reiciendis blanditiis architecto. Debitis nesciunt inventore voluptate\r\n                                            tempora ea.</li><li>Incidunt iste, corporis, quo cumque facere doloribus possimus\r\n                                            nostrum sed magni quasi</li><li>Architecto. Debitis nesciunt inventore voluptate tempora ea incidunt iste\r\n                                            corporis.</li><li>Earum itaque nesciunt dolor laudantium placeat sed velit aspernatur.</li><li>Laudantium placeat sed velit aspernatur, nobis quos quibusdam distinctio\r\n                                            voluptatum.</li></ul>\r\n                                    <p>Lorem ipsum dolor sit amet consectetur adipisicing elit. Earum itaque nesciunt\r\n                                        dolor laudantium placeat sed velit aspernatur, nobis quos quibusdam distinctio\r\n                                        voluptatum officia vel sapiente enim, reprehenderit impedit beatae molestias\r\n                                        dolorum. A laborum consectetur sed quis exercitationem optio consequatur, unde\r\n                                        neque est odit, pariatur quae incidunt quasi dolorem nihil aliquid ut veritatis\r\n                                        porro eaque cupiditate voluptatem vel ad! Asperiores, praesentium. sit amet\r\n                                        consectetur adipisicing elit. Doloribus consectetur ullam in? Beatae, dolorum ad\r\n                                        ea deleniti ratione voluptatum similique omnis voluptas tempora optio soluta</p>\r\n\r\n                                    <ul><li>Reiciendis blanditiis architecto. Debitis nesciunt inventore voluptate\r\n                                            tempora ea.</li><li>Incidunt iste, corporis, quo cumque facere doloribus possimus\r\n                                            nostrum sed magni quasi</li><li>Architecto. Debitis nesciunt inventore voluptate tempora ea incidunt iste\r\n                                            corporis.</li><li>Earum itaque nesciunt dolor laudantium placeat sed velit aspernatur.</li><li>Laudantium placeat sed velit aspernatur, nobis quos quibusdam distinctio\r\n                                            voluptatum.</li></ul>\r\n                                    <p>Lorem ipsum dolor, sit amet consectetur adipisicing elit. Doloribus consectetur\r\n                                        ullam in? Beatae, dolorum ad ea deleniti ratione voluptatum similique omnis\r\n                                        voluptas tempora optio soluta vero veritatis reiciendis blanditiis architecto.\r\n                                        Debitis nesciunt inventore voluptate tempora ea incidunt iste, corporis, quo\r\n                                        cumque facere doloribus possimus nostrum sed magni quasi, assumenda autem!\r\n                                        Repudiandae nihil magnam provident illo alias vero odit repellendus, ipsa nemo\r\n                                        itaque. Aperiam fuga, magnam quia illum minima blanditiis tempore.</p>\r\n                                </div>\r\n                            </div><p><br></p><p></p>', 60, 0, 500, 'SIK-43234', NULL, NULL, 1, 1, '2023-09-19 22:42:36', '2023-09-19 22:42:36'),
	(15, 'Mozzarella Sticks', 'mozzarella-sticks', '/uploads/media_650a78b811c49.png', 4, 'Pizza is a savory dish of Italian origin consisting of a usually round, flattened base of leavened wheat-based dough topped with tomatoes, cheese, and often various other ingredients, which is then baked at a high temperature, traditionally in a wood-fired oven. A small pizza', '<div class="tab-pane fade show active" id="pills-home" role="tabpanel" aria-labelledby="pills-home-tab" tabindex="0">\r\n                                <div class="menu_det_description">\r\n                                    <p>Ipsum dolor, sit amet consectetur adipisicing elit. Doloribus consectetur\r\n                                        ullam in? Beatae, dolorum ad ea deleniti ratione voluptatum similique omnis\r\n                                        voluptas tempora optio soluta vero veritatis reiciendis blanditiis architecto.\r\n                                        Debitis nesciunt inventore voluptate tempora ea incidunt iste, corporis, quo\r\n                                        cumque facere doloribus possimus nostrum sed magni quasi, assumenda autem!\r\n                                        Repudiandae nihil magnam provident illo alias vero odit repellendus, ipsa nemo\r\n                                        itaque. Aperiam fuga, magnam quia illum minima blanditiis tempore. vero\r\n                                        veritatis reiciendis blanditiis architecto. Debitis nesciunt inventore voluptate\r\n                                        tempora ea incidunt iste, corporis, quo cumque facere doloribus possimus nostrum\r\n                                        sed magni quasi</p>\r\n                                    <ul><li>Lorem ipsum dolor, sit amet consectetur adipisicing elit. Doloribus\r\n                                            consectetur ullam in</li><li>Dolor sit amet consectetur adipisicing elit. Earum itaque nesciunt.</li><li>Corporis, quo cumque facere doloribus possimus nostrum sed magni quasi.</li><li>Reiciendis blanditiis architecto. Debitis nesciunt inventore voluptate\r\n                                            tempora ea.</li><li>Incidunt iste, corporis, quo cumque facere doloribus possimus\r\n                                            nostrum sed magni quasi</li><li>Architecto. Debitis nesciunt inventore voluptate tempora ea incidunt iste\r\n                                            corporis.</li><li>Earum itaque nesciunt dolor laudantium placeat sed velit aspernatur.</li><li>Laudantium placeat sed velit aspernatur, nobis quos quibusdam distinctio\r\n                                            voluptatum.</li></ul>\r\n                                    <p>Lorem ipsum dolor sit amet consectetur adipisicing elit. Earum itaque nesciunt\r\n                                        dolor laudantium placeat sed velit aspernatur, nobis quos quibusdam distinctio\r\n                                        voluptatum officia vel sapiente enim, reprehenderit impedit beatae molestias\r\n                                        dolorum. A laborum consectetur sed quis exercitationem optio consequatur, unde\r\n                                        neque est odit, pariatur quae incidunt quasi dolorem nihil aliquid ut veritatis\r\n                                        porro eaque cupiditate voluptatem vel ad! Asperiores, praesentium. sit amet\r\n                                        consectetur adipisicing elit. Doloribus consectetur ullam in? Beatae, dolorum ad\r\n                                        ea deleniti ratione voluptatum similique omnis voluptas tempora optio soluta</p>\r\n\r\n                                    <ul><li>Reiciendis blanditiis architecto. Debitis nesciunt inventore voluptate\r\n                                            tempora ea.</li><li>Incidunt iste, corporis, quo cumque facere doloribus possimus\r\n                                            nostrum sed magni quasi</li><li>Architecto. Debitis nesciunt inventore voluptate tempora ea incidunt iste\r\n                                            corporis.</li><li>Earum itaque nesciunt dolor laudantium placeat sed velit aspernatur.</li><li>Laudantium placeat sed velit aspernatur, nobis quos quibusdam distinctio\r\n                                            voluptatum.</li></ul>\r\n                                    <p>Lorem ipsum dolor, sit amet consectetur adipisicing elit. Doloribus consectetur\r\n                                        ullam in? Beatae, dolorum ad ea deleniti ratione voluptatum similique omnis\r\n                                        voluptas tempora optio soluta vero veritatis reiciendis blanditiis architecto.\r\n                                        Debitis nesciunt inventore voluptate tempora ea incidunt iste, corporis, quo\r\n                                        cumque facere doloribus possimus nostrum sed magni quasi, assumenda autem!\r\n                                        Repudiandae nihil magnam provident illo alias vero odit repellendus, ipsa nemo\r\n                                        itaque. Aperiam fuga, magnam quia illum minima blanditiis tempore.</p>\r\n                                </div>\r\n                            </div><p><br></p><p></p>', 60, 50, 1000, 'SIK-43234', NULL, NULL, 1, 1, '2023-09-19 22:44:40', '2023-09-19 22:44:40'),
	(16, 'Buffalo Wings', 'buffalo-wings', '/uploads/media_650a78e6bc5fc.jpg', 4, 'Pizza is a savory dish of Italian origin consisting of a usually round, flattened base of leavened wheat-based dough topped with tomatoes, cheese, and often various other ingredients, which is then baked at a high temperature, traditionally in a wood-fired oven. A small pizza', '<div class="tab-pane fade show active" id="pills-home" role="tabpanel" aria-labelledby="pills-home-tab" tabindex="0">\r\n                                <div class="menu_det_description">\r\n                                    <p>Ipsum dolor, sit amet consectetur adipisicing elit. Doloribus consectetur\r\n                                        ullam in? Beatae, dolorum ad ea deleniti ratione voluptatum similique omnis\r\n                                        voluptas tempora optio soluta vero veritatis reiciendis blanditiis architecto.\r\n                                        Debitis nesciunt inventore voluptate tempora ea incidunt iste, corporis, quo\r\n                                        cumque facere doloribus possimus nostrum sed magni quasi, assumenda autem!\r\n                                        Repudiandae nihil magnam provident illo alias vero odit repellendus, ipsa nemo\r\n                                        itaque. Aperiam fuga, magnam quia illum minima blanditiis tempore. vero\r\n                                        veritatis reiciendis blanditiis architecto. Debitis nesciunt inventore voluptate\r\n                                        tempora ea incidunt iste, corporis, quo cumque facere doloribus possimus nostrum\r\n                                        sed magni quasi</p>\r\n                                    <ul><li>Lorem ipsum dolor, sit amet consectetur adipisicing elit. Doloribus\r\n                                            consectetur ullam in</li><li>Dolor sit amet consectetur adipisicing elit. Earum itaque nesciunt.</li><li>Corporis, quo cumque facere doloribus possimus nostrum sed magni quasi.</li><li>Reiciendis blanditiis architecto. Debitis nesciunt inventore voluptate\r\n                                            tempora ea.</li><li>Incidunt iste, corporis, quo cumque facere doloribus possimus\r\n                                            nostrum sed magni quasi</li><li>Architecto. Debitis nesciunt inventore voluptate tempora ea incidunt iste\r\n                                            corporis.</li><li>Earum itaque nesciunt dolor laudantium placeat sed velit aspernatur.</li><li>Laudantium placeat sed velit aspernatur, nobis quos quibusdam distinctio\r\n                                            voluptatum.</li></ul>\r\n                                    <p>Lorem ipsum dolor sit amet consectetur adipisicing elit. Earum itaque nesciunt\r\n                                        dolor laudantium placeat sed velit aspernatur, nobis quos quibusdam distinctio\r\n                                        voluptatum officia vel sapiente enim, reprehenderit impedit beatae molestias\r\n                                        dolorum. A laborum consectetur sed quis exercitationem optio consequatur, unde\r\n                                        neque est odit, pariatur quae incidunt quasi dolorem nihil aliquid ut veritatis\r\n                                        porro eaque cupiditate voluptatem vel ad! Asperiores, praesentium. sit amet\r\n                                        consectetur adipisicing elit. Doloribus consectetur ullam in? Beatae, dolorum ad\r\n                                        ea deleniti ratione voluptatum similique omnis voluptas tempora optio soluta</p>\r\n\r\n                                    <ul><li>Reiciendis blanditiis architecto. Debitis nesciunt inventore voluptate\r\n                                            tempora ea.</li><li>Incidunt iste, corporis, quo cumque facere doloribus possimus\r\n                                            nostrum sed magni quasi</li><li>Architecto. Debitis nesciunt inventore voluptate tempora ea incidunt iste\r\n                                            corporis.</li><li>Earum itaque nesciunt dolor laudantium placeat sed velit aspernatur.</li><li>Laudantium placeat sed velit aspernatur, nobis quos quibusdam distinctio\r\n                                            voluptatum.</li></ul>\r\n                                    <p>Lorem ipsum dolor, sit amet consectetur adipisicing elit. Doloribus consectetur\r\n                                        ullam in? Beatae, dolorum ad ea deleniti ratione voluptatum similique omnis\r\n                                        voluptas tempora optio soluta vero veritatis reiciendis blanditiis architecto.\r\n                                        Debitis nesciunt inventore voluptate tempora ea incidunt iste, corporis, quo\r\n                                        cumque facere doloribus possimus nostrum sed magni quasi, assumenda autem!\r\n                                        Repudiandae nihil magnam provident illo alias vero odit repellendus, ipsa nemo\r\n                                        itaque. Aperiam fuga, magnam quia illum minima blanditiis tempore.</p>\r\n                                </div>\r\n                            </div><p><br></p><p></p>', 100, 0, 500, 'MKV-2342345', NULL, NULL, 1, 1, '2023-09-19 22:45:26', '2023-09-19 22:45:26'),
	(17, 'Corn Dog', 'corn-dog', '/uploads/media_650a794504f28.jpg', 4, 'Pizza is a savory dish of Italian origin consisting of a usually round, flattened base of leavened wheat-based dough topped with tomatoes, cheese, and often various other ingredients, which is then baked at a high temperature, traditionally in a wood-fired oven. A small pizza', '<div class="tab-pane fade show active" id="pills-home" role="tabpanel" aria-labelledby="pills-home-tab" tabindex="0">\r\n                                <div class="menu_det_description">\r\n                                    <p>Ipsum dolor, sit amet consectetur adipisicing elit. Doloribus consectetur\r\n                                        ullam in? Beatae, dolorum ad ea deleniti ratione voluptatum similique omnis\r\n                                        voluptas tempora optio soluta vero veritatis reiciendis blanditiis architecto.\r\n                                        Debitis nesciunt inventore voluptate tempora ea incidunt iste, corporis, quo\r\n                                        cumque facere doloribus possimus nostrum sed magni quasi, assumenda autem!\r\n                                        Repudiandae nihil magnam provident illo alias vero odit repellendus, ipsa nemo\r\n                                        itaque. Aperiam fuga, magnam quia illum minima blanditiis tempore. vero\r\n                                        veritatis reiciendis blanditiis architecto. Debitis nesciunt inventore voluptate\r\n                                        tempora ea incidunt iste, corporis, quo cumque facere doloribus possimus nostrum\r\n                                        sed magni quasi</p>\r\n                                    <ul><li>Lorem ipsum dolor, sit amet consectetur adipisicing elit. Doloribus\r\n                                            consectetur ullam in</li><li>Dolor sit amet consectetur adipisicing elit. Earum itaque nesciunt.</li><li>Corporis, quo cumque facere doloribus possimus nostrum sed magni quasi.</li><li>Reiciendis blanditiis architecto. Debitis nesciunt inventore voluptate\r\n                                            tempora ea.</li><li>Incidunt iste, corporis, quo cumque facere doloribus possimus\r\n                                            nostrum sed magni quasi</li><li>Architecto. Debitis nesciunt inventore voluptate tempora ea incidunt iste\r\n                                            corporis.</li><li>Earum itaque nesciunt dolor laudantium placeat sed velit aspernatur.</li><li>Laudantium placeat sed velit aspernatur, nobis quos quibusdam distinctio\r\n                                            voluptatum.</li></ul>\r\n                                    <p>Lorem ipsum dolor sit amet consectetur adipisicing elit. Earum itaque nesciunt\r\n                                        dolor laudantium placeat sed velit aspernatur, nobis quos quibusdam distinctio\r\n                                        voluptatum officia vel sapiente enim, reprehenderit impedit beatae molestias\r\n                                        dolorum. A laborum consectetur sed quis exercitationem optio consequatur, unde\r\n                                        neque est odit, pariatur quae incidunt quasi dolorem nihil aliquid ut veritatis\r\n                                        porro eaque cupiditate voluptatem vel ad! Asperiores, praesentium. sit amet\r\n                                        consectetur adipisicing elit. Doloribus consectetur ullam in? Beatae, dolorum ad\r\n                                        ea deleniti ratione voluptatum similique omnis voluptas tempora optio soluta</p>\r\n\r\n                                    <ul><li>Reiciendis blanditiis architecto. Debitis nesciunt inventore voluptate\r\n                                            tempora ea.</li><li>Incidunt iste, corporis, quo cumque facere doloribus possimus\r\n                                            nostrum sed magni quasi</li><li>Architecto. Debitis nesciunt inventore voluptate tempora ea incidunt iste\r\n                                            corporis.</li><li>Earum itaque nesciunt dolor laudantium placeat sed velit aspernatur.</li><li>Laudantium placeat sed velit aspernatur, nobis quos quibusdam distinctio\r\n                                            voluptatum.</li></ul>\r\n                                    <p>Lorem ipsum dolor, sit amet consectetur adipisicing elit. Doloribus consectetur\r\n                                        ullam in? Beatae, dolorum ad ea deleniti ratione voluptatum similique omnis\r\n                                        voluptas tempora optio soluta vero veritatis reiciendis blanditiis architecto.\r\n                                        Debitis nesciunt inventore voluptate tempora ea incidunt iste, corporis, quo\r\n                                        cumque facere doloribus possimus nostrum sed magni quasi, assumenda autem!\r\n                                        Repudiandae nihil magnam provident illo alias vero odit repellendus, ipsa nemo\r\n                                        itaque. Aperiam fuga, magnam quia illum minima blanditiis tempore.</p>\r\n                                </div>\r\n                            </div><p><br></p><p></p>', 50, 30, 500, 'MKV-2342345', NULL, NULL, 1, 1, '2023-09-19 22:47:01', '2023-09-19 22:47:01'),
	(18, 'Chili Cheese Fries', 'chili-cheese-fries', '/uploads/media_650a79728d57a.jpg', 4, 'Pizza is a savory dish of Italian origin consisting of a usually round, flattened base of leavened wheat-based dough topped with tomatoes, cheese, and often various other ingredients, which is then baked at a high temperature, traditionally in a wood-fired oven. A small pizza', '<div class="tab-pane fade show active" id="pills-home" role="tabpanel" aria-labelledby="pills-home-tab" tabindex="0">\r\n                                <div class="menu_det_description">\r\n                                    <p>Ipsum dolor, sit amet consectetur adipisicing elit. Doloribus consectetur\r\n                                        ullam in? Beatae, dolorum ad ea deleniti ratione voluptatum similique omnis\r\n                                        voluptas tempora optio soluta vero veritatis reiciendis blanditiis architecto.\r\n                                        Debitis nesciunt inventore voluptate tempora ea incidunt iste, corporis, quo\r\n                                        cumque facere doloribus possimus nostrum sed magni quasi, assumenda autem!\r\n                                        Repudiandae nihil magnam provident illo alias vero odit repellendus, ipsa nemo\r\n                                        itaque. Aperiam fuga, magnam quia illum minima blanditiis tempore. vero\r\n                                        veritatis reiciendis blanditiis architecto. Debitis nesciunt inventore voluptate\r\n                                        tempora ea incidunt iste, corporis, quo cumque facere doloribus possimus nostrum\r\n                                        sed magni quasi</p>\r\n                                    <ul><li>Lorem ipsum dolor, sit amet consectetur adipisicing elit. Doloribus\r\n                                            consectetur ullam in</li><li>Dolor sit amet consectetur adipisicing elit. Earum itaque nesciunt.</li><li>Corporis, quo cumque facere doloribus possimus nostrum sed magni quasi.</li><li>Reiciendis blanditiis architecto. Debitis nesciunt inventore voluptate\r\n                                            tempora ea.</li><li>Incidunt iste, corporis, quo cumque facere doloribus possimus\r\n                                            nostrum sed magni quasi</li><li>Architecto. Debitis nesciunt inventore voluptate tempora ea incidunt iste\r\n                                            corporis.</li><li>Earum itaque nesciunt dolor laudantium placeat sed velit aspernatur.</li><li>Laudantium placeat sed velit aspernatur, nobis quos quibusdam distinctio\r\n                                            voluptatum.</li></ul>\r\n                                    <p>Lorem ipsum dolor sit amet consectetur adipisicing elit. Earum itaque nesciunt\r\n                                        dolor laudantium placeat sed velit aspernatur, nobis quos quibusdam distinctio\r\n                                        voluptatum officia vel sapiente enim, reprehenderit impedit beatae molestias\r\n                                        dolorum. A laborum consectetur sed quis exercitationem optio consequatur, unde\r\n                                        neque est odit, pariatur quae incidunt quasi dolorem nihil aliquid ut veritatis\r\n                                        porro eaque cupiditate voluptatem vel ad! Asperiores, praesentium. sit amet\r\n                                        consectetur adipisicing elit. Doloribus consectetur ullam in? Beatae, dolorum ad\r\n                                        ea deleniti ratione voluptatum similique omnis voluptas tempora optio soluta</p>\r\n\r\n                                    <ul><li>Reiciendis blanditiis architecto. Debitis nesciunt inventore voluptate\r\n                                            tempora ea.</li><li>Incidunt iste, corporis, quo cumque facere doloribus possimus\r\n                                            nostrum sed magni quasi</li><li>Architecto. Debitis nesciunt inventore voluptate tempora ea incidunt iste\r\n                                            corporis.</li><li>Earum itaque nesciunt dolor laudantium placeat sed velit aspernatur.</li><li>Laudantium placeat sed velit aspernatur, nobis quos quibusdam distinctio\r\n                                            voluptatum.</li></ul>\r\n                                    <p>Lorem ipsum dolor, sit amet consectetur adipisicing elit. Doloribus consectetur\r\n                                        ullam in? Beatae, dolorum ad ea deleniti ratione voluptatum similique omnis\r\n                                        voluptas tempora optio soluta vero veritatis reiciendis blanditiis architecto.\r\n                                        Debitis nesciunt inventore voluptate tempora ea incidunt iste, corporis, quo\r\n                                        cumque facere doloribus possimus nostrum sed magni quasi, assumenda autem!\r\n                                        Repudiandae nihil magnam provident illo alias vero odit repellendus, ipsa nemo\r\n                                        itaque. Aperiam fuga, magnam quia illum minima blanditiis tempore.</p>\r\n                                </div>\r\n                            </div><p><br></p><p></p>', 60, 0, 500, 'MKV-2342345', NULL, NULL, 1, 1, '2023-09-19 22:47:46', '2023-09-19 22:47:46'),
	(19, 'Fried Chicken', 'fried-chicken', '/uploads/media_650a79ee7fe84.png', 4, 'Pizza is a savory dish of Italian origin consisting of a usually round, flattened base of leavened wheat-based dough topped with tomatoes, cheese, and often various other ingredients, which is then baked at a high temperature, traditionally in a wood-fired oven. A small pizza', '<div class="tab-pane fade show active" id="pills-home" role="tabpanel" aria-labelledby="pills-home-tab" tabindex="0">\r\n                                <div class="menu_det_description">\r\n                                    <p>Ipsum dolor, sit amet consectetur adipisicing elit. Doloribus consectetur\r\n                                        ullam in? Beatae, dolorum ad ea deleniti ratione voluptatum similique omnis\r\n                                        voluptas tempora optio soluta vero veritatis reiciendis blanditiis architecto.\r\n                                        Debitis nesciunt inventore voluptate tempora ea incidunt iste, corporis, quo\r\n                                        cumque facere doloribus possimus nostrum sed magni quasi, assumenda autem!\r\n                                        Repudiandae nihil magnam provident illo alias vero odit repellendus, ipsa nemo\r\n                                        itaque. Aperiam fuga, magnam quia illum minima blanditiis tempore. vero\r\n                                        veritatis reiciendis blanditiis architecto. Debitis nesciunt inventore voluptate\r\n                                        tempora ea incidunt iste, corporis, quo cumque facere doloribus possimus nostrum\r\n                                        sed magni quasi</p>\r\n                                    <ul><li>Lorem ipsum dolor, sit amet consectetur adipisicing elit. Doloribus\r\n                                            consectetur ullam in</li><li>Dolor sit amet consectetur adipisicing elit. Earum itaque nesciunt.</li><li>Corporis, quo cumque facere doloribus possimus nostrum sed magni quasi.</li><li>Reiciendis blanditiis architecto. Debitis nesciunt inventore voluptate\r\n                                            tempora ea.</li><li>Incidunt iste, corporis, quo cumque facere doloribus possimus\r\n                                            nostrum sed magni quasi</li><li>Architecto. Debitis nesciunt inventore voluptate tempora ea incidunt iste\r\n                                            corporis.</li><li>Earum itaque nesciunt dolor laudantium placeat sed velit aspernatur.</li><li>Laudantium placeat sed velit aspernatur, nobis quos quibusdam distinctio\r\n                                            voluptatum.</li></ul>\r\n                                    <p>Lorem ipsum dolor sit amet consectetur adipisicing elit. Earum itaque nesciunt\r\n                                        dolor laudantium placeat sed velit aspernatur, nobis quos quibusdam distinctio\r\n                                        voluptatum officia vel sapiente enim, reprehenderit impedit beatae molestias\r\n                                        dolorum. A laborum consectetur sed quis exercitationem optio consequatur, unde\r\n                                        neque est odit, pariatur quae incidunt quasi dolorem nihil aliquid ut veritatis\r\n                                        porro eaque cupiditate voluptatem vel ad! Asperiores, praesentium. sit amet\r\n                                        consectetur adipisicing elit. Doloribus consectetur ullam in? Beatae, dolorum ad\r\n                                        ea deleniti ratione voluptatum similique omnis voluptas tempora optio soluta</p>\r\n\r\n                                    <ul><li>Reiciendis blanditiis architecto. Debitis nesciunt inventore voluptate\r\n                                            tempora ea.</li><li>Incidunt iste, corporis, quo cumque facere doloribus possimus\r\n                                            nostrum sed magni quasi</li><li>Architecto. Debitis nesciunt inventore voluptate tempora ea incidunt iste\r\n                                            corporis.</li><li>Earum itaque nesciunt dolor laudantium placeat sed velit aspernatur.</li><li>Laudantium placeat sed velit aspernatur, nobis quos quibusdam distinctio\r\n                                            voluptatum.</li></ul>\r\n                                    <p>Lorem ipsum dolor, sit amet consectetur adipisicing elit. Doloribus consectetur\r\n                                        ullam in? Beatae, dolorum ad ea deleniti ratione voluptatum similique omnis\r\n                                        voluptas tempora optio soluta vero veritatis reiciendis blanditiis architecto.\r\n                                        Debitis nesciunt inventore voluptate tempora ea incidunt iste, corporis, quo\r\n                                        cumque facere doloribus possimus nostrum sed magni quasi, assumenda autem!\r\n                                        Repudiandae nihil magnam provident illo alias vero odit repellendus, ipsa nemo\r\n                                        itaque. Aperiam fuga, magnam quia illum minima blanditiis tempore.</p>\r\n                                </div>\r\n                            </div><p><br></p><p></p>', 60, 30, 1000, 'MKV-2342345', NULL, NULL, 1, 1, '2023-09-19 22:49:50', '2023-09-19 22:49:50'),
	(20, 'Tater Tots', 'tater-tots', '/uploads/media_650a7a1c5bbbf.jpg', 4, 'Pizza is a savory dish of Italian origin consisting of a usually round, flattened base of leavened wheat-based dough topped with tomatoes, cheese, and often various other ingredients, which is then baked at a high temperature, traditionally in a wood-fired oven. A small pizza', '<div class="tab-pane fade show active" id="pills-home" role="tabpanel" aria-labelledby="pills-home-tab" tabindex="0">\r\n                                <div class="menu_det_description">\r\n                                    <p>Ipsum dolor, sit amet consectetur adipisicing elit. Doloribus consectetur\r\n                                        ullam in? Beatae, dolorum ad ea deleniti ratione voluptatum similique omnis\r\n                                        voluptas tempora optio soluta vero veritatis reiciendis blanditiis architecto.\r\n                                        Debitis nesciunt inventore voluptate tempora ea incidunt iste, corporis, quo\r\n                                        cumque facere doloribus possimus nostrum sed magni quasi, assumenda autem!\r\n                                        Repudiandae nihil magnam provident illo alias vero odit repellendus, ipsa nemo\r\n                                        itaque. Aperiam fuga, magnam quia illum minima blanditiis tempore. vero\r\n                                        veritatis reiciendis blanditiis architecto. Debitis nesciunt inventore voluptate\r\n                                        tempora ea incidunt iste, corporis, quo cumque facere doloribus possimus nostrum\r\n                                        sed magni quasi</p>\r\n                                    <ul><li>Lorem ipsum dolor, sit amet consectetur adipisicing elit. Doloribus\r\n                                            consectetur ullam in</li><li>Dolor sit amet consectetur adipisicing elit. Earum itaque nesciunt.</li><li>Corporis, quo cumque facere doloribus possimus nostrum sed magni quasi.</li><li>Reiciendis blanditiis architecto. Debitis nesciunt inventore voluptate\r\n                                            tempora ea.</li><li>Incidunt iste, corporis, quo cumque facere doloribus possimus\r\n                                            nostrum sed magni quasi</li><li>Architecto. Debitis nesciunt inventore voluptate tempora ea incidunt iste\r\n                                            corporis.</li><li>Earum itaque nesciunt dolor laudantium placeat sed velit aspernatur.</li><li>Laudantium placeat sed velit aspernatur, nobis quos quibusdam distinctio\r\n                                            voluptatum.</li></ul>\r\n                                    <p>Lorem ipsum dolor sit amet consectetur adipisicing elit. Earum itaque nesciunt\r\n                                        dolor laudantium placeat sed velit aspernatur, nobis quos quibusdam distinctio\r\n                                        voluptatum officia vel sapiente enim, reprehenderit impedit beatae molestias\r\n                                        dolorum. A laborum consectetur sed quis exercitationem optio consequatur, unde\r\n                                        neque est odit, pariatur quae incidunt quasi dolorem nihil aliquid ut veritatis\r\n                                        porro eaque cupiditate voluptatem vel ad! Asperiores, praesentium. sit amet\r\n                                        consectetur adipisicing elit. Doloribus consectetur ullam in? Beatae, dolorum ad\r\n                                        ea deleniti ratione voluptatum similique omnis voluptas tempora optio soluta</p>\r\n\r\n                                    <ul><li>Reiciendis blanditiis architecto. Debitis nesciunt inventore voluptate\r\n                                            tempora ea.</li><li>Incidunt iste, corporis, quo cumque facere doloribus possimus\r\n                                            nostrum sed magni quasi</li><li>Architecto. Debitis nesciunt inventore voluptate tempora ea incidunt iste\r\n                                            corporis.</li><li>Earum itaque nesciunt dolor laudantium placeat sed velit aspernatur.</li><li>Laudantium placeat sed velit aspernatur, nobis quos quibusdam distinctio\r\n                                            voluptatum.</li></ul>\r\n                                    <p>Lorem ipsum dolor, sit amet consectetur adipisicing elit. Doloribus consectetur\r\n                                        ullam in? Beatae, dolorum ad ea deleniti ratione voluptatum similique omnis\r\n                                        voluptas tempora optio soluta vero veritatis reiciendis blanditiis architecto.\r\n                                        Debitis nesciunt inventore voluptate tempora ea incidunt iste, corporis, quo\r\n                                        cumque facere doloribus possimus nostrum sed magni quasi, assumenda autem!\r\n                                        Repudiandae nihil magnam provident illo alias vero odit repellendus, ipsa nemo\r\n                                        itaque. Aperiam fuga, magnam quia illum minima blanditiis tempore.</p>\r\n                                </div>\r\n                            </div><p><br></p><p></p>', 100, 0, 1000, 'MKV-2342345', NULL, NULL, 1, 1, '2023-09-19 22:50:36', '2023-09-19 22:50:36'),
	(21, 'Philly Cheesesteak', 'philly-cheesesteak', '/uploads/media_650a7a55a1290.jpg', 4, 'Pizza is a savory dish of Italian origin consisting of a usually round, flattened base of leavened wheat-based dough topped with tomatoes, cheese, and often various other ingredients, which is then baked at a high temperature, traditionally in a wood-fired oven. A small pizza', '<div class="tab-pane fade show active" id="pills-home" role="tabpanel" aria-labelledby="pills-home-tab" tabindex="0">\r\n                                <div class="menu_det_description">\r\n                                    <p>Ipsum dolor, sit amet consectetur adipisicing elit. Doloribus consectetur\r\n                                        ullam in? Beatae, dolorum ad ea deleniti ratione voluptatum similique omnis\r\n                                        voluptas tempora optio soluta vero veritatis reiciendis blanditiis architecto.\r\n                                        Debitis nesciunt inventore voluptate tempora ea incidunt iste, corporis, quo\r\n                                        cumque facere doloribus possimus nostrum sed magni quasi, assumenda autem!\r\n                                        Repudiandae nihil magnam provident illo alias vero odit repellendus, ipsa nemo\r\n                                        itaque. Aperiam fuga, magnam quia illum minima blanditiis tempore. vero\r\n                                        veritatis reiciendis blanditiis architecto. Debitis nesciunt inventore voluptate\r\n                                        tempora ea incidunt iste, corporis, quo cumque facere doloribus possimus nostrum\r\n                                        sed magni quasi</p>\r\n                                    <ul><li>Lorem ipsum dolor, sit amet consectetur adipisicing elit. Doloribus\r\n                                            consectetur ullam in</li><li>Dolor sit amet consectetur adipisicing elit. Earum itaque nesciunt.</li><li>Corporis, quo cumque facere doloribus possimus nostrum sed magni quasi.</li><li>Reiciendis blanditiis architecto. Debitis nesciunt inventore voluptate\r\n                                            tempora ea.</li><li>Incidunt iste, corporis, quo cumque facere doloribus possimus\r\n                                            nostrum sed magni quasi</li><li>Architecto. Debitis nesciunt inventore voluptate tempora ea incidunt iste\r\n                                            corporis.</li><li>Earum itaque nesciunt dolor laudantium placeat sed velit aspernatur.</li><li>Laudantium placeat sed velit aspernatur, nobis quos quibusdam distinctio\r\n                                            voluptatum.</li></ul>\r\n                                    <p>Lorem ipsum dolor sit amet consectetur adipisicing elit. Earum itaque nesciunt\r\n                                        dolor laudantium placeat sed velit aspernatur, nobis quos quibusdam distinctio\r\n                                        voluptatum officia vel sapiente enim, reprehenderit impedit beatae molestias\r\n                                        dolorum. A laborum consectetur sed quis exercitationem optio consequatur, unde\r\n                                        neque est odit, pariatur quae incidunt quasi dolorem nihil aliquid ut veritatis\r\n                                        porro eaque cupiditate voluptatem vel ad! Asperiores, praesentium. sit amet\r\n                                        consectetur adipisicing elit. Doloribus consectetur ullam in? Beatae, dolorum ad\r\n                                        ea deleniti ratione voluptatum similique omnis voluptas tempora optio soluta</p>\r\n\r\n                                    <ul><li>Reiciendis blanditiis architecto. Debitis nesciunt inventore voluptate\r\n                                            tempora ea.</li><li>Incidunt iste, corporis, quo cumque facere doloribus possimus\r\n                                            nostrum sed magni quasi</li><li>Architecto. Debitis nesciunt inventore voluptate tempora ea incidunt iste\r\n                                            corporis.</li><li>Earum itaque nesciunt dolor laudantium placeat sed velit aspernatur.</li><li>Laudantium placeat sed velit aspernatur, nobis quos quibusdam distinctio\r\n                                            voluptatum.</li></ul>\r\n                                    <p>Lorem ipsum dolor, sit amet consectetur adipisicing elit. Doloribus consectetur\r\n                                        ullam in? Beatae, dolorum ad ea deleniti ratione voluptatum similique omnis\r\n                                        voluptas tempora optio soluta vero veritatis reiciendis blanditiis architecto.\r\n                                        Debitis nesciunt inventore voluptate tempora ea incidunt iste, corporis, quo\r\n                                        cumque facere doloribus possimus nostrum sed magni quasi, assumenda autem!\r\n                                        Repudiandae nihil magnam provident illo alias vero odit repellendus, ipsa nemo\r\n                                        itaque. Aperiam fuga, magnam quia illum minima blanditiis tempore.</p>\r\n                                </div>\r\n                            </div><p><br></p><p></p>', 40, 30, 1000, 'MKV-2342345', NULL, NULL, 1, 1, '2023-09-19 22:51:33', '2023-09-19 22:51:33'),
	(22, 'Sliders', 'sliders', '/uploads/media_650a7af92f585.jpg', 4, 'Pizza is a savory dish of Italian origin consisting of a usually round, flattened base of leavened wheat-based dough topped with tomatoes, cheese, and often various other ingredients, which is then baked at a high temperature, traditionally in a wood-fired oven. A small pizza', '<div class="tab-pane fade show active" id="pills-home" role="tabpanel" aria-labelledby="pills-home-tab" tabindex="0">\r\n                                <div class="menu_det_description">\r\n                                    <p>Ipsum dolor, sit amet consectetur adipisicing elit. Doloribus consectetur\r\n                                        ullam in? Beatae, dolorum ad ea deleniti ratione voluptatum similique omnis\r\n                                        voluptas tempora optio soluta vero veritatis reiciendis blanditiis architecto.\r\n                                        Debitis nesciunt inventore voluptate tempora ea incidunt iste, corporis, quo\r\n                                        cumque facere doloribus possimus nostrum sed magni quasi, assumenda autem!\r\n                                        Repudiandae nihil magnam provident illo alias vero odit repellendus, ipsa nemo\r\n                                        itaque. Aperiam fuga, magnam quia illum minima blanditiis tempore. vero\r\n                                        veritatis reiciendis blanditiis architecto. Debitis nesciunt inventore voluptate\r\n                                        tempora ea incidunt iste, corporis, quo cumque facere doloribus possimus nostrum\r\n                                        sed magni quasi</p>\r\n                                    <ul><li>Lorem ipsum dolor, sit amet consectetur adipisicing elit. Doloribus\r\n                                            consectetur ullam in</li><li>Dolor sit amet consectetur adipisicing elit. Earum itaque nesciunt.</li><li>Corporis, quo cumque facere doloribus possimus nostrum sed magni quasi.</li><li>Reiciendis blanditiis architecto. Debitis nesciunt inventore voluptate\r\n                                            tempora ea.</li><li>Incidunt iste, corporis, quo cumque facere doloribus possimus\r\n                                            nostrum sed magni quasi</li><li>Architecto. Debitis nesciunt inventore voluptate tempora ea incidunt iste\r\n                                            corporis.</li><li>Earum itaque nesciunt dolor laudantium placeat sed velit aspernatur.</li><li>Laudantium placeat sed velit aspernatur, nobis quos quibusdam distinctio\r\n                                            voluptatum.</li></ul>\r\n                                    <p>Lorem ipsum dolor sit amet consectetur adipisicing elit. Earum itaque nesciunt\r\n                                        dolor laudantium placeat sed velit aspernatur, nobis quos quibusdam distinctio\r\n                                        voluptatum officia vel sapiente enim, reprehenderit impedit beatae molestias\r\n                                        dolorum. A laborum consectetur sed quis exercitationem optio consequatur, unde\r\n                                        neque est odit, pariatur quae incidunt quasi dolorem nihil aliquid ut veritatis\r\n                                        porro eaque cupiditate voluptatem vel ad! Asperiores, praesentium. sit amet\r\n                                        consectetur adipisicing elit. Doloribus consectetur ullam in? Beatae, dolorum ad\r\n                                        ea deleniti ratione voluptatum similique omnis voluptas tempora optio soluta</p>\r\n\r\n                                    <ul><li>Reiciendis blanditiis architecto. Debitis nesciunt inventore voluptate\r\n                                            tempora ea.</li><li>Incidunt iste, corporis, quo cumque facere doloribus possimus\r\n                                            nostrum sed magni quasi</li><li>Architecto. Debitis nesciunt inventore voluptate tempora ea incidunt iste\r\n                                            corporis.</li><li>Earum itaque nesciunt dolor laudantium placeat sed velit aspernatur.</li><li>Laudantium placeat sed velit aspernatur, nobis quos quibusdam distinctio\r\n                                            voluptatum.</li></ul>\r\n                                    <p>Lorem ipsum dolor, sit amet consectetur adipisicing elit. Doloribus consectetur\r\n                                        ullam in? Beatae, dolorum ad ea deleniti ratione voluptatum similique omnis\r\n                                        voluptas tempora optio soluta vero veritatis reiciendis blanditiis architecto.\r\n                                        Debitis nesciunt inventore voluptate tempora ea incidunt iste, corporis, quo\r\n                                        cumque facere doloribus possimus nostrum sed magni quasi, assumenda autem!\r\n                                        Repudiandae nihil magnam provident illo alias vero odit repellendus, ipsa nemo\r\n                                        itaque. Aperiam fuga, magnam quia illum minima blanditiis tempore.</p>\r\n                                </div>\r\n                            </div><p><br></p><p></p>', 60, 0, 1000, 'MKV-2342345', NULL, NULL, 1, 1, '2023-09-19 22:54:17', '2023-09-19 22:54:17'),
	(23, 'Chili Dog', 'chili-dog', '/uploads/media_650a7b7606799.jpg', 1, 'Pizza is a savory dish of Italian origin consisting of a usually round, flattened base of leavened wheat-based dough topped with tomatoes, cheese, and often various other ingredients, which is then baked at a high temperature, traditionally in a wood-fired oven. A small pizza', '<div class="tab-pane fade show active" id="pills-home" role="tabpanel" aria-labelledby="pills-home-tab" tabindex="0">\r\n                                <div class="menu_det_description">\r\n                                    <p>Ipsum dolor, sit amet consectetur adipisicing elit. Doloribus consectetur\r\n                                        ullam in? Beatae, dolorum ad ea deleniti ratione voluptatum similique omnis\r\n                                        voluptas tempora optio soluta vero veritatis reiciendis blanditiis architecto.\r\n                                        Debitis nesciunt inventore voluptate tempora ea incidunt iste, corporis, quo\r\n                                        cumque facere doloribus possimus nostrum sed magni quasi, assumenda autem!\r\n                                        Repudiandae nihil magnam provident illo alias vero odit repellendus, ipsa nemo\r\n                                        itaque. Aperiam fuga, magnam quia illum minima blanditiis tempore. vero\r\n                                        veritatis reiciendis blanditiis architecto. Debitis nesciunt inventore voluptate\r\n                                        tempora ea incidunt iste, corporis, quo cumque facere doloribus possimus nostrum\r\n                                        sed magni quasi</p>\r\n                                    <ul><li>Lorem ipsum dolor, sit amet consectetur adipisicing elit. Doloribus\r\n                                            consectetur ullam in</li><li>Dolor sit amet consectetur adipisicing elit. Earum itaque nesciunt.</li><li>Corporis, quo cumque facere doloribus possimus nostrum sed magni quasi.</li><li>Reiciendis blanditiis architecto. Debitis nesciunt inventore voluptate\r\n                                            tempora ea.</li><li>Incidunt iste, corporis, quo cumque facere doloribus possimus\r\n                                            nostrum sed magni quasi</li><li>Architecto. Debitis nesciunt inventore voluptate tempora ea incidunt iste\r\n                                            corporis.</li><li>Earum itaque nesciunt dolor laudantium placeat sed velit aspernatur.</li><li>Laudantium placeat sed velit aspernatur, nobis quos quibusdam distinctio\r\n                                            voluptatum.</li></ul>\r\n                                    <p>Lorem ipsum dolor sit amet consectetur adipisicing elit. Earum itaque nesciunt\r\n                                        dolor laudantium placeat sed velit aspernatur, nobis quos quibusdam distinctio\r\n                                        voluptatum officia vel sapiente enim, reprehenderit impedit beatae molestias\r\n                                        dolorum. A laborum consectetur sed quis exercitationem optio consequatur, unde\r\n                                        neque est odit, pariatur quae incidunt quasi dolorem nihil aliquid ut veritatis\r\n                                        porro eaque cupiditate voluptatem vel ad! Asperiores, praesentium. sit amet\r\n                                        consectetur adipisicing elit. Doloribus consectetur ullam in? Beatae, dolorum ad\r\n                                        ea deleniti ratione voluptatum similique omnis voluptas tempora optio soluta</p>\r\n\r\n                                    <ul><li>Reiciendis blanditiis architecto. Debitis nesciunt inventore voluptate\r\n                                            tempora ea.</li><li>Incidunt iste, corporis, quo cumque facere doloribus possimus\r\n                                            nostrum sed magni quasi</li><li>Architecto. Debitis nesciunt inventore voluptate tempora ea incidunt iste\r\n                                            corporis.</li><li>Earum itaque nesciunt dolor laudantium placeat sed velit aspernatur.</li><li>Laudantium placeat sed velit aspernatur, nobis quos quibusdam distinctio\r\n                                            voluptatum.</li></ul>\r\n                                    <p>Lorem ipsum dolor, sit amet consectetur adipisicing elit. Doloribus consectetur\r\n                                        ullam in? Beatae, dolorum ad ea deleniti ratione voluptatum similique omnis\r\n                                        voluptas tempora optio soluta vero veritatis reiciendis blanditiis architecto.\r\n                                        Debitis nesciunt inventore voluptate tempora ea incidunt iste, corporis, quo\r\n                                        cumque facere doloribus possimus nostrum sed magni quasi, assumenda autem!\r\n                                        Repudiandae nihil magnam provident illo alias vero odit repellendus, ipsa nemo\r\n                                        itaque. Aperiam fuga, magnam quia illum minima blanditiis tempore.</p>\r\n                                </div>\r\n                            </div><p><br></p><p></p>', 39, 20, 500, 'MKV-2342345', NULL, NULL, 1, 1, '2023-09-19 22:56:22', '2023-09-19 22:56:22'),
	(24, 'Egg Roll', 'egg-roll', '/uploads/media_650a7c5e3a45f.jpg', 1, 'Pizza is a savory dish of Italian origin consisting of a usually round, flattened base of leavened wheat-based dough topped with tomatoes, cheese, and often various other ingredients, which is then baked at a high temperature, traditionally in a wood-fired oven. A small pizza', '<div class="tab-pane fade show active" id="pills-home" role="tabpanel" aria-labelledby="pills-home-tab" tabindex="0">\r\n                                <div class="menu_det_description">\r\n                                    <p>Ipsum dolor, sit amet consectetur adipisicing elit. Doloribus consectetur\r\n                                        ullam in? Beatae, dolorum ad ea deleniti ratione voluptatum similique omnis\r\n                                        voluptas tempora optio soluta vero veritatis reiciendis blanditiis architecto.\r\n                                        Debitis nesciunt inventore voluptate tempora ea incidunt iste, corporis, quo\r\n                                        cumque facere doloribus possimus nostrum sed magni quasi, assumenda autem!\r\n                                        Repudiandae nihil magnam provident illo alias vero odit repellendus, ipsa nemo\r\n                                        itaque. Aperiam fuga, magnam quia illum minima blanditiis tempore. vero\r\n                                        veritatis reiciendis blanditiis architecto. Debitis nesciunt inventore voluptate\r\n                                        tempora ea incidunt iste, corporis, quo cumque facere doloribus possimus nostrum\r\n                                        sed magni quasi</p>\r\n                                    <ul><li>Lorem ipsum dolor, sit amet consectetur adipisicing elit. Doloribus\r\n                                            consectetur ullam in</li><li>Dolor sit amet consectetur adipisicing elit. Earum itaque nesciunt.</li><li>Corporis, quo cumque facere doloribus possimus nostrum sed magni quasi.</li><li>Reiciendis blanditiis architecto. Debitis nesciunt inventore voluptate\r\n                                            tempora ea.</li><li>Incidunt iste, corporis, quo cumque facere doloribus possimus\r\n                                            nostrum sed magni quasi</li><li>Architecto. Debitis nesciunt inventore voluptate tempora ea incidunt iste\r\n                                            corporis.</li><li>Earum itaque nesciunt dolor laudantium placeat sed velit aspernatur.</li><li>Laudantium placeat sed velit aspernatur, nobis quos quibusdam distinctio\r\n                                            voluptatum.</li></ul>\r\n                                    <p>Lorem ipsum dolor sit amet consectetur adipisicing elit. Earum itaque nesciunt\r\n                                        dolor laudantium placeat sed velit aspernatur, nobis quos quibusdam distinctio\r\n                                        voluptatum officia vel sapiente enim, reprehenderit impedit beatae molestias\r\n                                        dolorum. A laborum consectetur sed quis exercitationem optio consequatur, unde\r\n                                        neque est odit, pariatur quae incidunt quasi dolorem nihil aliquid ut veritatis\r\n                                        porro eaque cupiditate voluptatem vel ad! Asperiores, praesentium. sit amet\r\n                                        consectetur adipisicing elit. Doloribus consectetur ullam in? Beatae, dolorum ad\r\n                                        ea deleniti ratione voluptatum similique omnis voluptas tempora optio soluta</p>\r\n\r\n                                    <ul><li>Reiciendis blanditiis architecto. Debitis nesciunt inventore voluptate\r\n                                            tempora ea.</li><li>Incidunt iste, corporis, quo cumque facere doloribus possimus\r\n                                            nostrum sed magni quasi</li><li>Architecto. Debitis nesciunt inventore voluptate tempora ea incidunt iste\r\n                                            corporis.</li><li>Earum itaque nesciunt dolor laudantium placeat sed velit aspernatur.</li><li>Laudantium placeat sed velit aspernatur, nobis quos quibusdam distinctio\r\n                                            voluptatum.</li></ul>\r\n                                    <p>Lorem ipsum dolor, sit amet consectetur adipisicing elit. Doloribus consectetur\r\n                                        ullam in? Beatae, dolorum ad ea deleniti ratione voluptatum similique omnis\r\n                                        voluptas tempora optio soluta vero veritatis reiciendis blanditiis architecto.\r\n                                        Debitis nesciunt inventore voluptate tempora ea incidunt iste, corporis, quo\r\n                                        cumque facere doloribus possimus nostrum sed magni quasi, assumenda autem!\r\n                                        Repudiandae nihil magnam provident illo alias vero odit repellendus, ipsa nemo\r\n                                        itaque. Aperiam fuga, magnam quia illum minima blanditiis tempore.</p>\r\n                                </div>\r\n                            </div><p><br></p><p></p>', 40, 30, 200, 'MKV-2342345', NULL, NULL, 1, 1, '2023-09-19 23:00:14', '2023-09-19 23:00:14'),
	(25, 'Poutine', 'poutine', '/uploads/media_650a7c8aa3d02.png', 1, 'Pizza is a savory dish of Italian origin consisting of a usually round, flattened base of leavened wheat-based dough topped with tomatoes, cheese, and often various other ingredients, which is then baked at a high temperature, traditionally in a wood-fired oven. A small pizza', '<div class="tab-pane fade show active" id="pills-home" role="tabpanel" aria-labelledby="pills-home-tab" tabindex="0">\r\n                                <div class="menu_det_description">\r\n                                    <p>Ipsum dolor, sit amet consectetur adipisicing elit. Doloribus consectetur\r\n                                        ullam in? Beatae, dolorum ad ea deleniti ratione voluptatum similique omnis\r\n                                        voluptas tempora optio soluta vero veritatis reiciendis blanditiis architecto.\r\n                                        Debitis nesciunt inventore voluptate tempora ea incidunt iste, corporis, quo\r\n                                        cumque facere doloribus possimus nostrum sed magni quasi, assumenda autem!\r\n                                        Repudiandae nihil magnam provident illo alias vero odit repellendus, ipsa nemo\r\n                                        itaque. Aperiam fuga, magnam quia illum minima blanditiis tempore. vero\r\n                                        veritatis reiciendis blanditiis architecto. Debitis nesciunt inventore voluptate\r\n                                        tempora ea incidunt iste, corporis, quo cumque facere doloribus possimus nostrum\r\n                                        sed magni quasi</p>\r\n                                    <ul><li>Lorem ipsum dolor, sit amet consectetur adipisicing elit. Doloribus\r\n                                            consectetur ullam in</li><li>Dolor sit amet consectetur adipisicing elit. Earum itaque nesciunt.</li><li>Corporis, quo cumque facere doloribus possimus nostrum sed magni quasi.</li><li>Reiciendis blanditiis architecto. Debitis nesciunt inventore voluptate\r\n                                            tempora ea.</li><li>Incidunt iste, corporis, quo cumque facere doloribus possimus\r\n                                            nostrum sed magni quasi</li><li>Architecto. Debitis nesciunt inventore voluptate tempora ea incidunt iste\r\n                                            corporis.</li><li>Earum itaque nesciunt dolor laudantium placeat sed velit aspernatur.</li><li>Laudantium placeat sed velit aspernatur, nobis quos quibusdam distinctio\r\n                                            voluptatum.</li></ul>\r\n                                    <p>Lorem ipsum dolor sit amet consectetur adipisicing elit. Earum itaque nesciunt\r\n                                        dolor laudantium placeat sed velit aspernatur, nobis quos quibusdam distinctio\r\n                                        voluptatum officia vel sapiente enim, reprehenderit impedit beatae molestias\r\n                                        dolorum. A laborum consectetur sed quis exercitationem optio consequatur, unde\r\n                                        neque est odit, pariatur quae incidunt quasi dolorem nihil aliquid ut veritatis\r\n                                        porro eaque cupiditate voluptatem vel ad! Asperiores, praesentium. sit amet\r\n                                        consectetur adipisicing elit. Doloribus consectetur ullam in? Beatae, dolorum ad\r\n                                        ea deleniti ratione voluptatum similique omnis voluptas tempora optio soluta</p>\r\n\r\n                                    <ul><li>Reiciendis blanditiis architecto. Debitis nesciunt inventore voluptate\r\n                                            tempora ea.</li><li>Incidunt iste, corporis, quo cumque facere doloribus possimus\r\n                                            nostrum sed magni quasi</li><li>Architecto. Debitis nesciunt inventore voluptate tempora ea incidunt iste\r\n                                            corporis.</li><li>Earum itaque nesciunt dolor laudantium placeat sed velit aspernatur.</li><li>Laudantium placeat sed velit aspernatur, nobis quos quibusdam distinctio\r\n                                            voluptatum.</li></ul>\r\n                                    <p>Lorem ipsum dolor, sit amet consectetur adipisicing elit. Doloribus consectetur\r\n                                        ullam in? Beatae, dolorum ad ea deleniti ratione voluptatum similique omnis\r\n                                        voluptas tempora optio soluta vero veritatis reiciendis blanditiis architecto.\r\n                                        Debitis nesciunt inventore voluptate tempora ea incidunt iste, corporis, quo\r\n                                        cumque facere doloribus possimus nostrum sed magni quasi, assumenda autem!\r\n                                        Repudiandae nihil magnam provident illo alias vero odit repellendus, ipsa nemo\r\n                                        itaque. Aperiam fuga, magnam quia illum minima blanditiis tempore.</p>\r\n                                </div>\r\n                            </div><p><br></p><p></p>', 60, 0, 1000, 'MKV-2342345', NULL, NULL, 1, 1, '2023-09-19 23:00:58', '2023-09-19 23:00:58'),
	(26, 'Falafel', 'falafel', '/uploads/media_650a7cfcbf596.jpg', 2, 'Pizza is a savory dish of Italian origin consisting of a usually round, flattened base of leavened wheat-based dough topped with tomatoes, cheese, and often various other ingredients, which is then baked at a high temperature, traditionally in a wood-fired oven. A small pizza', '<div class="tab-pane fade show active" id="pills-home" role="tabpanel" aria-labelledby="pills-home-tab" tabindex="0">\r\n                                <div class="menu_det_description">\r\n                                    <p>Ipsum dolor, sit amet consectetur adipisicing elit. Doloribus consectetur\r\n                                        ullam in? Beatae, dolorum ad ea deleniti ratione voluptatum similique omnis\r\n                                        voluptas tempora optio soluta vero veritatis reiciendis blanditiis architecto.\r\n                                        Debitis nesciunt inventore voluptate tempora ea incidunt iste, corporis, quo\r\n                                        cumque facere doloribus possimus nostrum sed magni quasi, assumenda autem!\r\n                                        Repudiandae nihil magnam provident illo alias vero odit repellendus, ipsa nemo\r\n                                        itaque. Aperiam fuga, magnam quia illum minima blanditiis tempore. vero\r\n                                        veritatis reiciendis blanditiis architecto. Debitis nesciunt inventore voluptate\r\n                                        tempora ea incidunt iste, corporis, quo cumque facere doloribus possimus nostrum\r\n                                        sed magni quasi</p>\r\n                                    <ul><li>Lorem ipsum dolor, sit amet consectetur adipisicing elit. Doloribus\r\n                                            consectetur ullam in</li><li>Dolor sit amet consectetur adipisicing elit. Earum itaque nesciunt.</li><li>Corporis, quo cumque facere doloribus possimus nostrum sed magni quasi.</li><li>Reiciendis blanditiis architecto. Debitis nesciunt inventore voluptate\r\n                                            tempora ea.</li><li>Incidunt iste, corporis, quo cumque facere doloribus possimus\r\n                                            nostrum sed magni quasi</li><li>Architecto. Debitis nesciunt inventore voluptate tempora ea incidunt iste\r\n                                            corporis.</li><li>Earum itaque nesciunt dolor laudantium placeat sed velit aspernatur.</li><li>Laudantium placeat sed velit aspernatur, nobis quos quibusdam distinctio\r\n                                            voluptatum.</li></ul>\r\n                                    <p>Lorem ipsum dolor sit amet consectetur adipisicing elit. Earum itaque nesciunt\r\n                                        dolor laudantium placeat sed velit aspernatur, nobis quos quibusdam distinctio\r\n                                        voluptatum officia vel sapiente enim, reprehenderit impedit beatae molestias\r\n                                        dolorum. A laborum consectetur sed quis exercitationem optio consequatur, unde\r\n                                        neque est odit, pariatur quae incidunt quasi dolorem nihil aliquid ut veritatis\r\n                                        porro eaque cupiditate voluptatem vel ad! Asperiores, praesentium. sit amet\r\n                                        consectetur adipisicing elit. Doloribus consectetur ullam in? Beatae, dolorum ad\r\n                                        ea deleniti ratione voluptatum similique omnis voluptas tempora optio soluta</p>\r\n\r\n                                    <ul><li>Reiciendis blanditiis architecto. Debitis nesciunt inventore voluptate\r\n                                            tempora ea.</li><li>Incidunt iste, corporis, quo cumque facere doloribus possimus\r\n                                            nostrum sed magni quasi</li><li>Architecto. Debitis nesciunt inventore voluptate tempora ea incidunt iste\r\n                                            corporis.</li><li>Earum itaque nesciunt dolor laudantium placeat sed velit aspernatur.</li><li>Laudantium placeat sed velit aspernatur, nobis quos quibusdam distinctio\r\n                                            voluptatum.</li></ul>\r\n                                    <p>Lorem ipsum dolor, sit amet consectetur adipisicing elit. Doloribus consectetur\r\n                                        ullam in? Beatae, dolorum ad ea deleniti ratione voluptatum similique omnis\r\n                                        voluptas tempora optio soluta vero veritatis reiciendis blanditiis architecto.\r\n                                        Debitis nesciunt inventore voluptate tempora ea incidunt iste, corporis, quo\r\n                                        cumque facere doloribus possimus nostrum sed magni quasi, assumenda autem!\r\n                                        Repudiandae nihil magnam provident illo alias vero odit repellendus, ipsa nemo\r\n                                        itaque. Aperiam fuga, magnam quia illum minima blanditiis tempore.</p>\r\n                                </div>\r\n                            </div><p><br></p><p></p>', 39, 30, 1000, 'MKV-2342345', NULL, NULL, 1, 1, '2023-09-19 23:02:52', '2023-09-19 23:02:52'),
	(27, 'Fried Shrimp', 'fried-shrimp', '/uploads/media_650a7d47c2ff2.png', 2, 'Pizza is a savory dish of Italian origin consisting of a usually round, flattened base of leavened wheat-based dough topped with tomatoes, cheese, and often various other ingredients, which is then baked at a high temperature, traditionally in a wood-fired oven. A small pizza', '<div class="tab-pane fade show active" id="pills-home" role="tabpanel" aria-labelledby="pills-home-tab" tabindex="0">\r\n                                <div class="menu_det_description">\r\n                                    <p>Ipsum dolor, sit amet consectetur adipisicing elit. Doloribus consectetur\r\n                                        ullam in? Beatae, dolorum ad ea deleniti ratione voluptatum similique omnis\r\n                                        voluptas tempora optio soluta vero veritatis reiciendis blanditiis architecto.\r\n                                        Debitis nesciunt inventore voluptate tempora ea incidunt iste, corporis, quo\r\n                                        cumque facere doloribus possimus nostrum sed magni quasi, assumenda autem!\r\n                                        Repudiandae nihil magnam provident illo alias vero odit repellendus, ipsa nemo\r\n                                        itaque. Aperiam fuga, magnam quia illum minima blanditiis tempore. vero\r\n                                        veritatis reiciendis blanditiis architecto. Debitis nesciunt inventore voluptate\r\n                                        tempora ea incidunt iste, corporis, quo cumque facere doloribus possimus nostrum\r\n                                        sed magni quasi</p>\r\n                                    <ul><li>Lorem ipsum dolor, sit amet consectetur adipisicing elit. Doloribus\r\n                                            consectetur ullam in</li><li>Dolor sit amet consectetur adipisicing elit. Earum itaque nesciunt.</li><li>Corporis, quo cumque facere doloribus possimus nostrum sed magni quasi.</li><li>Reiciendis blanditiis architecto. Debitis nesciunt inventore voluptate\r\n                                            tempora ea.</li><li>Incidunt iste, corporis, quo cumque facere doloribus possimus\r\n                                            nostrum sed magni quasi</li><li>Architecto. Debitis nesciunt inventore voluptate tempora ea incidunt iste\r\n                                            corporis.</li><li>Earum itaque nesciunt dolor laudantium placeat sed velit aspernatur.</li><li>Laudantium placeat sed velit aspernatur, nobis quos quibusdam distinctio\r\n                                            voluptatum.</li></ul>\r\n                                    <p>Lorem ipsum dolor sit amet consectetur adipisicing elit. Earum itaque nesciunt\r\n                                        dolor laudantium placeat sed velit aspernatur, nobis quos quibusdam distinctio\r\n                                        voluptatum officia vel sapiente enim, reprehenderit impedit beatae molestias\r\n                                        dolorum. A laborum consectetur sed quis exercitationem optio consequatur, unde\r\n                                        neque est odit, pariatur quae incidunt quasi dolorem nihil aliquid ut veritatis\r\n                                        porro eaque cupiditate voluptatem vel ad! Asperiores, praesentium. sit amet\r\n                                        consectetur adipisicing elit. Doloribus consectetur ullam in? Beatae, dolorum ad\r\n                                        ea deleniti ratione voluptatum similique omnis voluptas tempora optio soluta</p>\r\n\r\n                                    <ul><li>Reiciendis blanditiis architecto. Debitis nesciunt inventore voluptate\r\n                                            tempora ea.</li><li>Incidunt iste, corporis, quo cumque facere doloribus possimus\r\n                                            nostrum sed magni quasi</li><li>Architecto. Debitis nesciunt inventore voluptate tempora ea incidunt iste\r\n                                            corporis.</li><li>Earum itaque nesciunt dolor laudantium placeat sed velit aspernatur.</li><li>Laudantium placeat sed velit aspernatur, nobis quos quibusdam distinctio\r\n                                            voluptatum.</li></ul>\r\n                                    <p>Lorem ipsum dolor, sit amet consectetur adipisicing elit. Doloribus consectetur\r\n                                        ullam in? Beatae, dolorum ad ea deleniti ratione voluptatum similique omnis\r\n                                        voluptas tempora optio soluta vero veritatis reiciendis blanditiis architecto.\r\n                                        Debitis nesciunt inventore voluptate tempora ea incidunt iste, corporis, quo\r\n                                        cumque facere doloribus possimus nostrum sed magni quasi, assumenda autem!\r\n                                        Repudiandae nihil magnam provident illo alias vero odit repellendus, ipsa nemo\r\n                                        itaque. Aperiam fuga, magnam quia illum minima blanditiis tempore.</p>\r\n                                </div>\r\n                            </div><p><br></p><p></p>', 70, 20, 500, 'MKV-2342345', NULL, NULL, 1, 1, '2023-09-19 23:04:07', '2023-09-19 23:04:07'),
	(28, 'BBQ Ribs', 'bbq-ribs', '/uploads/media_650a7de8324ab.jpg', 2, 'Pizza is a savory dish of Italian origin consisting of a usually round, flattened base of leavened wheat-based dough topped with tomatoes, cheese, and often various other ingredients, which is then baked at a high temperature, traditionally in a wood-fired oven. A small pizza', '<div class="tab-pane fade show active" id="pills-home" role="tabpanel" aria-labelledby="pills-home-tab" tabindex="0">\r\n                                <div class="menu_det_description">\r\n                                    <p>Ipsum dolor, sit amet consectetur adipisicing elit. Doloribus consectetur\r\n                                        ullam in? Beatae, dolorum ad ea deleniti ratione voluptatum similique omnis\r\n                                        voluptas tempora optio soluta vero veritatis reiciendis blanditiis architecto.\r\n                                        Debitis nesciunt inventore voluptate tempora ea incidunt iste, corporis, quo\r\n                                        cumque facere doloribus possimus nostrum sed magni quasi, assumenda autem!\r\n                                        Repudiandae nihil magnam provident illo alias vero odit repellendus, ipsa nemo\r\n                                        itaque. Aperiam fuga, magnam quia illum minima blanditiis tempore. vero\r\n                                        veritatis reiciendis blanditiis architecto. Debitis nesciunt inventore voluptate\r\n                                        tempora ea incidunt iste, corporis, quo cumque facere doloribus possimus nostrum\r\n                                        sed magni quasi</p>\r\n                                    <ul><li>Lorem ipsum dolor, sit amet consectetur adipisicing elit. Doloribus\r\n                                            consectetur ullam in</li><li>Dolor sit amet consectetur adipisicing elit. Earum itaque nesciunt.</li><li>Corporis, quo cumque facere doloribus possimus nostrum sed magni quasi.</li><li>Reiciendis blanditiis architecto. Debitis nesciunt inventore voluptate\r\n                                            tempora ea.</li><li>Incidunt iste, corporis, quo cumque facere doloribus possimus\r\n                                            nostrum sed magni quasi</li><li>Architecto. Debitis nesciunt inventore voluptate tempora ea incidunt iste\r\n                                            corporis.</li><li>Earum itaque nesciunt dolor laudantium placeat sed velit aspernatur.</li><li>Laudantium placeat sed velit aspernatur, nobis quos quibusdam distinctio\r\n                                            voluptatum.</li></ul>\r\n                                    <p>Lorem ipsum dolor sit amet consectetur adipisicing elit. Earum itaque nesciunt\r\n                                        dolor laudantium placeat sed velit aspernatur, nobis quos quibusdam distinctio\r\n                                        voluptatum officia vel sapiente enim, reprehenderit impedit beatae molestias\r\n                                        dolorum. A laborum consectetur sed quis exercitationem optio consequatur, unde\r\n                                        neque est odit, pariatur quae incidunt quasi dolorem nihil aliquid ut veritatis\r\n                                        porro eaque cupiditate voluptatem vel ad! Asperiores, praesentium. sit amet\r\n                                        consectetur adipisicing elit. Doloribus consectetur ullam in? Beatae, dolorum ad\r\n                                        ea deleniti ratione voluptatum similique omnis voluptas tempora optio soluta</p>\r\n\r\n                                    <ul><li>Reiciendis blanditiis architecto. Debitis nesciunt inventore voluptate\r\n                                            tempora ea.</li><li>Incidunt iste, corporis, quo cumque facere doloribus possimus\r\n                                            nostrum sed magni quasi</li><li>Architecto. Debitis nesciunt inventore voluptate tempora ea incidunt iste\r\n                                            corporis.</li><li>Earum itaque nesciunt dolor laudantium placeat sed velit aspernatur.</li><li>Laudantium placeat sed velit aspernatur, nobis quos quibusdam distinctio\r\n                                            voluptatum.</li></ul>\r\n                                    <p>Lorem ipsum dolor, sit amet consectetur adipisicing elit. Doloribus consectetur\r\n                                        ullam in? Beatae, dolorum ad ea deleniti ratione voluptatum similique omnis\r\n                                        voluptas tempora optio soluta vero veritatis reiciendis blanditiis architecto.\r\n                                        Debitis nesciunt inventore voluptate tempora ea incidunt iste, corporis, quo\r\n                                        cumque facere doloribus possimus nostrum sed magni quasi, assumenda autem!\r\n                                        Repudiandae nihil magnam provident illo alias vero odit repellendus, ipsa nemo\r\n                                        itaque. Aperiam fuga, magnam quia illum minima blanditiis tempore.</p>\r\n                                </div>\r\n                            </div><p><br></p><p></p>', 60, 0, 500, 'MKV-2342345', NULL, NULL, 1, 1, '2023-09-19 23:06:48', '2023-09-19 23:06:48'),
	(29, 'Calzone', 'calzone', '/uploads/media_650a7e0d38849.png', 2, 'Pizza is a savory dish of Italian origin consisting of a usually round, flattened base of leavened wheat-based dough topped with tomatoes, cheese, and often various other ingredients, which is then baked at a high temperature, traditionally in a wood-fired oven. A small pizza', '<div class="tab-pane fade show active" id="pills-home" role="tabpanel" aria-labelledby="pills-home-tab" tabindex="0">\r\n                                <div class="menu_det_description">\r\n                                    <p>Ipsum dolor, sit amet consectetur adipisicing elit. Doloribus consectetur\r\n                                        ullam in? Beatae, dolorum ad ea deleniti ratione voluptatum similique omnis\r\n                                        voluptas tempora optio soluta vero veritatis reiciendis blanditiis architecto.\r\n                                        Debitis nesciunt inventore voluptate tempora ea incidunt iste, corporis, quo\r\n                                        cumque facere doloribus possimus nostrum sed magni quasi, assumenda autem!\r\n                                        Repudiandae nihil magnam provident illo alias vero odit repellendus, ipsa nemo\r\n                                        itaque. Aperiam fuga, magnam quia illum minima blanditiis tempore. vero\r\n                                        veritatis reiciendis blanditiis architecto. Debitis nesciunt inventore voluptate\r\n                                        tempora ea incidunt iste, corporis, quo cumque facere doloribus possimus nostrum\r\n                                        sed magni quasi</p>\r\n                                    <ul><li>Lorem ipsum dolor, sit amet consectetur adipisicing elit. Doloribus\r\n                                            consectetur ullam in</li><li>Dolor sit amet consectetur adipisicing elit. Earum itaque nesciunt.</li><li>Corporis, quo cumque facere doloribus possimus nostrum sed magni quasi.</li><li>Reiciendis blanditiis architecto. Debitis nesciunt inventore voluptate\r\n                                            tempora ea.</li><li>Incidunt iste, corporis, quo cumque facere doloribus possimus\r\n                                            nostrum sed magni quasi</li><li>Architecto. Debitis nesciunt inventore voluptate tempora ea incidunt iste\r\n                                            corporis.</li><li>Earum itaque nesciunt dolor laudantium placeat sed velit aspernatur.</li><li>Laudantium placeat sed velit aspernatur, nobis quos quibusdam distinctio\r\n                                            voluptatum.</li></ul>\r\n                                    <p>Lorem ipsum dolor sit amet consectetur adipisicing elit. Earum itaque nesciunt\r\n                                        dolor laudantium placeat sed velit aspernatur, nobis quos quibusdam distinctio\r\n                                        voluptatum officia vel sapiente enim, reprehenderit impedit beatae molestias\r\n                                        dolorum. A laborum consectetur sed quis exercitationem optio consequatur, unde\r\n                                        neque est odit, pariatur quae incidunt quasi dolorem nihil aliquid ut veritatis\r\n                                        porro eaque cupiditate voluptatem vel ad! Asperiores, praesentium. sit amet\r\n                                        consectetur adipisicing elit. Doloribus consectetur ullam in? Beatae, dolorum ad\r\n                                        ea deleniti ratione voluptatum similique omnis voluptas tempora optio soluta</p>\r\n\r\n                                    <ul><li>Reiciendis blanditiis architecto. Debitis nesciunt inventore voluptate\r\n                                            tempora ea.</li><li>Incidunt iste, corporis, quo cumque facere doloribus possimus\r\n                                            nostrum sed magni quasi</li><li>Architecto. Debitis nesciunt inventore voluptate tempora ea incidunt iste\r\n                                            corporis.</li><li>Earum itaque nesciunt dolor laudantium placeat sed velit aspernatur.</li><li>Laudantium placeat sed velit aspernatur, nobis quos quibusdam distinctio\r\n                                            voluptatum.</li></ul>\r\n                                    <p>Lorem ipsum dolor, sit amet consectetur adipisicing elit. Doloribus consectetur\r\n                                        ullam in? Beatae, dolorum ad ea deleniti ratione voluptatum similique omnis\r\n                                        voluptas tempora optio soluta vero veritatis reiciendis blanditiis architecto.\r\n                                        Debitis nesciunt inventore voluptate tempora ea incidunt iste, corporis, quo\r\n                                        cumque facere doloribus possimus nostrum sed magni quasi, assumenda autem!\r\n                                        Repudiandae nihil magnam provident illo alias vero odit repellendus, ipsa nemo\r\n                                        itaque. Aperiam fuga, magnam quia illum minima blanditiis tempore.</p>\r\n                                </div>\r\n                            </div><p><br></p><p></p>', 70, 0, 1000, 'MKV-2342345', NULL, NULL, 1, 1, '2023-09-19 23:07:25', '2023-09-19 23:07:25'),
	(30, 'Tuna Sandwich', 'tuna-sandwich', '/uploads/media_650a7e54e2c75.jpg', 3, 'Pizza is a savory dish of Italian origin consisting of a usually round, flattened base of leavened wheat-based dough topped with tomatoes, cheese, and often various other ingredients, which is then baked at a high temperature, traditionally in a wood-fired oven. A small pizza', '<div class="tab-pane fade show active" id="pills-home" role="tabpanel" aria-labelledby="pills-home-tab" tabindex="0">\r\n                                <div class="menu_det_description">\r\n                                    <p>Ipsum dolor, sit amet consectetur adipisicing elit. Doloribus consectetur\r\n                                        ullam in? Beatae, dolorum ad ea deleniti ratione voluptatum similique omnis\r\n                                        voluptas tempora optio soluta vero veritatis reiciendis blanditiis architecto.\r\n                                        Debitis nesciunt inventore voluptate tempora ea incidunt iste, corporis, quo\r\n                                        cumque facere doloribus possimus nostrum sed magni quasi, assumenda autem!\r\n                                        Repudiandae nihil magnam provident illo alias vero odit repellendus, ipsa nemo\r\n                                        itaque. Aperiam fuga, magnam quia illum minima blanditiis tempore. vero\r\n                                        veritatis reiciendis blanditiis architecto. Debitis nesciunt inventore voluptate\r\n                                        tempora ea incidunt iste, corporis, quo cumque facere doloribus possimus nostrum\r\n                                        sed magni quasi</p>\r\n                                    <ul><li>Lorem ipsum dolor, sit amet consectetur adipisicing elit. Doloribus\r\n                                            consectetur ullam in</li><li>Dolor sit amet consectetur adipisicing elit. Earum itaque nesciunt.</li><li>Corporis, quo cumque facere doloribus possimus nostrum sed magni quasi.</li><li>Reiciendis blanditiis architecto. Debitis nesciunt inventore voluptate\r\n                                            tempora ea.</li><li>Incidunt iste, corporis, quo cumque facere doloribus possimus\r\n                                            nostrum sed magni quasi</li><li>Architecto. Debitis nesciunt inventore voluptate tempora ea incidunt iste\r\n                                            corporis.</li><li>Earum itaque nesciunt dolor laudantium placeat sed velit aspernatur.</li><li>Laudantium placeat sed velit aspernatur, nobis quos quibusdam distinctio\r\n                                            voluptatum.</li></ul>\r\n                                    <p>Lorem ipsum dolor sit amet consectetur adipisicing elit. Earum itaque nesciunt\r\n                                        dolor laudantium placeat sed velit aspernatur, nobis quos quibusdam distinctio\r\n                                        voluptatum officia vel sapiente enim, reprehenderit impedit beatae molestias\r\n                                        dolorum. A laborum consectetur sed quis exercitationem optio consequatur, unde\r\n                                        neque est odit, pariatur quae incidunt quasi dolorem nihil aliquid ut veritatis\r\n                                        porro eaque cupiditate voluptatem vel ad! Asperiores, praesentium. sit amet\r\n                                        consectetur adipisicing elit. Doloribus consectetur ullam in? Beatae, dolorum ad\r\n                                        ea deleniti ratione voluptatum similique omnis voluptas tempora optio soluta</p>\r\n\r\n                                    <ul><li>Reiciendis blanditiis architecto. Debitis nesciunt inventore voluptate\r\n                                            tempora ea.</li><li>Incidunt iste, corporis, quo cumque facere doloribus possimus\r\n                                            nostrum sed magni quasi</li><li>Architecto. Debitis nesciunt inventore voluptate tempora ea incidunt iste\r\n                                            corporis.</li><li>Earum itaque nesciunt dolor laudantium placeat sed velit aspernatur.</li><li>Laudantium placeat sed velit aspernatur, nobis quos quibusdam distinctio\r\n                                            voluptatum.</li></ul>\r\n                                    <p>Lorem ipsum dolor, sit amet consectetur adipisicing elit. Doloribus consectetur\r\n                                        ullam in? Beatae, dolorum ad ea deleniti ratione voluptatum similique omnis\r\n                                        voluptas tempora optio soluta vero veritatis reiciendis blanditiis architecto.\r\n                                        Debitis nesciunt inventore voluptate tempora ea incidunt iste, corporis, quo\r\n                                        cumque facere doloribus possimus nostrum sed magni quasi, assumenda autem!\r\n                                        Repudiandae nihil magnam provident illo alias vero odit repellendus, ipsa nemo\r\n                                        itaque. Aperiam fuga, magnam quia illum minima blanditiis tempore.</p>\r\n                                </div>\r\n                            </div><p><br></p><p></p>', 39, 20, 500, 'SIK-43234', NULL, NULL, 1, 1, '2023-09-19 23:08:36', '2023-09-19 23:08:36'),
	(31, 'Veggie Burger', 'veggie-burger', '/uploads/media_650a7eabef1b2.jpg', 3, 'Pizza is a savory dish of Italian origin consisting of a usually round, flattened base of leavened wheat-based dough topped with tomatoes, cheese, and often various other ingredients, which is then baked at a high temperature, traditionally in a wood-fired oven. A small pizza', '<div class="tab-pane fade show active" id="pills-home" role="tabpanel" aria-labelledby="pills-home-tab" tabindex="0">\r\n                                <div class="menu_det_description">\r\n                                    <p>Ipsum dolor, sit amet consectetur adipisicing elit. Doloribus consectetur\r\n                                        ullam in? Beatae, dolorum ad ea deleniti ratione voluptatum similique omnis\r\n                                        voluptas tempora optio soluta vero veritatis reiciendis blanditiis architecto.\r\n                                        Debitis nesciunt inventore voluptate tempora ea incidunt iste, corporis, quo\r\n                                        cumque facere doloribus possimus nostrum sed magni quasi, assumenda autem!\r\n                                        Repudiandae nihil magnam provident illo alias vero odit repellendus, ipsa nemo\r\n                                        itaque. Aperiam fuga, magnam quia illum minima blanditiis tempore. vero\r\n                                        veritatis reiciendis blanditiis architecto. Debitis nesciunt inventore voluptate\r\n                                        tempora ea incidunt iste, corporis, quo cumque facere doloribus possimus nostrum\r\n                                        sed magni quasi</p>\r\n                                    <ul><li>Lorem ipsum dolor, sit amet consectetur adipisicing elit. Doloribus\r\n                                            consectetur ullam in</li><li>Dolor sit amet consectetur adipisicing elit. Earum itaque nesciunt.</li><li>Corporis, quo cumque facere doloribus possimus nostrum sed magni quasi.</li><li>Reiciendis blanditiis architecto. Debitis nesciunt inventore voluptate\r\n                                            tempora ea.</li><li>Incidunt iste, corporis, quo cumque facere doloribus possimus\r\n                                            nostrum sed magni quasi</li><li>Architecto. Debitis nesciunt inventore voluptate tempora ea incidunt iste\r\n                                            corporis.</li><li>Earum itaque nesciunt dolor laudantium placeat sed velit aspernatur.</li><li>Laudantium placeat sed velit aspernatur, nobis quos quibusdam distinctio\r\n                                            voluptatum.</li></ul>\r\n                                    <p>Lorem ipsum dolor sit amet consectetur adipisicing elit. Earum itaque nesciunt\r\n                                        dolor laudantium placeat sed velit aspernatur, nobis quos quibusdam distinctio\r\n                                        voluptatum officia vel sapiente enim, reprehenderit impedit beatae molestias\r\n                                        dolorum. A laborum consectetur sed quis exercitationem optio consequatur, unde\r\n                                        neque est odit, pariatur quae incidunt quasi dolorem nihil aliquid ut veritatis\r\n                                        porro eaque cupiditate voluptatem vel ad! Asperiores, praesentium. sit amet\r\n                                        consectetur adipisicing elit. Doloribus consectetur ullam in? Beatae, dolorum ad\r\n                                        ea deleniti ratione voluptatum similique omnis voluptas tempora optio soluta</p>\r\n\r\n                                    <ul><li>Reiciendis blanditiis architecto. Debitis nesciunt inventore voluptate\r\n                                            tempora ea.</li><li>Incidunt iste, corporis, quo cumque facere doloribus possimus\r\n                                            nostrum sed magni quasi</li><li>Architecto. Debitis nesciunt inventore voluptate tempora ea incidunt iste\r\n                                            corporis.</li><li>Earum itaque nesciunt dolor laudantium placeat sed velit aspernatur.</li><li>Laudantium placeat sed velit aspernatur, nobis quos quibusdam distinctio\r\n                                            voluptatum.</li></ul>\r\n                                    <p>Lorem ipsum dolor, sit amet consectetur adipisicing elit. Doloribus consectetur\r\n                                        ullam in? Beatae, dolorum ad ea deleniti ratione voluptatum similique omnis\r\n                                        voluptas tempora optio soluta vero veritatis reiciendis blanditiis architecto.\r\n                                        Debitis nesciunt inventore voluptate tempora ea incidunt iste, corporis, quo\r\n                                        cumque facere doloribus possimus nostrum sed magni quasi, assumenda autem!\r\n                                        Repudiandae nihil magnam provident illo alias vero odit repellendus, ipsa nemo\r\n                                        itaque. Aperiam fuga, magnam quia illum minima blanditiis tempore.</p>\r\n                                </div>\r\n                            </div><p><br></p><p></p>', 60, 0, 200, 'MKV-2342345', NULL, NULL, 1, 1, '2023-09-19 23:10:03', '2023-09-19 23:10:03'),
	(32, 'Sausage Biscuit', 'sausage-biscuit', '/uploads/media_650a7ed663e23.jpg', 3, 'Pizza is a savory dish of Italian origin consisting of a usually round, flattened base of leavened wheat-based dough topped with tomatoes, cheese, and often various other ingredients, which is then baked at a high temperature, traditionally in a wood-fired oven. A small pizza', '<div class="tab-pane fade show active" id="pills-home" role="tabpanel" aria-labelledby="pills-home-tab" tabindex="0">\r\n                                <div class="menu_det_description">\r\n                                    <p>Ipsum dolor, sit amet consectetur adipisicing elit. Doloribus consectetur\r\n                                        ullam in? Beatae, dolorum ad ea deleniti ratione voluptatum similique omnis\r\n                                        voluptas tempora optio soluta vero veritatis reiciendis blanditiis architecto.\r\n                                        Debitis nesciunt inventore voluptate tempora ea incidunt iste, corporis, quo\r\n                                        cumque facere doloribus possimus nostrum sed magni quasi, assumenda autem!\r\n                                        Repudiandae nihil magnam provident illo alias vero odit repellendus, ipsa nemo\r\n                                        itaque. Aperiam fuga, magnam quia illum minima blanditiis tempore. vero\r\n                                        veritatis reiciendis blanditiis architecto. Debitis nesciunt inventore voluptate\r\n                                        tempora ea incidunt iste, corporis, quo cumque facere doloribus possimus nostrum\r\n                                        sed magni quasi</p>\r\n                                    <ul><li>Lorem ipsum dolor, sit amet consectetur adipisicing elit. Doloribus\r\n                                            consectetur ullam in</li><li>Dolor sit amet consectetur adipisicing elit. Earum itaque nesciunt.</li><li>Corporis, quo cumque facere doloribus possimus nostrum sed magni quasi.</li><li>Reiciendis blanditiis architecto. Debitis nesciunt inventore voluptate\r\n                                            tempora ea.</li><li>Incidunt iste, corporis, quo cumque facere doloribus possimus\r\n                                            nostrum sed magni quasi</li><li>Architecto. Debitis nesciunt inventore voluptate tempora ea incidunt iste\r\n                                            corporis.</li><li>Earum itaque nesciunt dolor laudantium placeat sed velit aspernatur.</li><li>Laudantium placeat sed velit aspernatur, nobis quos quibusdam distinctio\r\n                                            voluptatum.</li></ul>\r\n                                    <p>Lorem ipsum dolor sit amet consectetur adipisicing elit. Earum itaque nesciunt\r\n                                        dolor laudantium placeat sed velit aspernatur, nobis quos quibusdam distinctio\r\n                                        voluptatum officia vel sapiente enim, reprehenderit impedit beatae molestias\r\n                                        dolorum. A laborum consectetur sed quis exercitationem optio consequatur, unde\r\n                                        neque est odit, pariatur quae incidunt quasi dolorem nihil aliquid ut veritatis\r\n                                        porro eaque cupiditate voluptatem vel ad! Asperiores, praesentium. sit amet\r\n                                        consectetur adipisicing elit. Doloribus consectetur ullam in? Beatae, dolorum ad\r\n                                        ea deleniti ratione voluptatum similique omnis voluptas tempora optio soluta</p>\r\n\r\n                                    <ul><li>Reiciendis blanditiis architecto. Debitis nesciunt inventore voluptate\r\n                                            tempora ea.</li><li>Incidunt iste, corporis, quo cumque facere doloribus possimus\r\n                                            nostrum sed magni quasi</li><li>Architecto. Debitis nesciunt inventore voluptate tempora ea incidunt iste\r\n                                            corporis.</li><li>Earum itaque nesciunt dolor laudantium placeat sed velit aspernatur.</li><li>Laudantium placeat sed velit aspernatur, nobis quos quibusdam distinctio\r\n                                            voluptatum.</li></ul>\r\n                                    <p>Lorem ipsum dolor, sit amet consectetur adipisicing elit. Doloribus consectetur\r\n                                        ullam in? Beatae, dolorum ad ea deleniti ratione voluptatum similique omnis\r\n                                        voluptas tempora optio soluta vero veritatis reiciendis blanditiis architecto.\r\n                                        Debitis nesciunt inventore voluptate tempora ea incidunt iste, corporis, quo\r\n                                        cumque facere doloribus possimus nostrum sed magni quasi, assumenda autem!\r\n                                        Repudiandae nihil magnam provident illo alias vero odit repellendus, ipsa nemo\r\n                                        itaque. Aperiam fuga, magnam quia illum minima blanditiis tempore.</p>\r\n                                </div>\r\n                            </div><p><br></p><p></p>', 40, 0, 500, 'MKV-2342345', NULL, NULL, 1, 1, '2023-09-19 23:10:46', '2023-09-19 23:10:46');

-- Dumping structure for table food_park.product_galleries
DROP TABLE IF EXISTS `product_galleries`;
CREATE TABLE IF NOT EXISTS `product_galleries` (
  `id` bigint unsigned NOT NULL AUTO_INCREMENT,
  `product_id` bigint unsigned NOT NULL,
  `image` varchar(255) COLLATE utf8mb4_unicode_ci NOT NULL,
  `created_at` timestamp NULL DEFAULT NULL,
  `updated_at` timestamp NULL DEFAULT NULL,
  PRIMARY KEY (`id`),
  KEY `product_galleries_product_id_foreign` (`product_id`),
  CONSTRAINT `product_galleries_product_id_foreign` FOREIGN KEY (`product_id`) REFERENCES `products` (`id`) ON DELETE CASCADE
) ENGINE=InnoDB AUTO_INCREMENT=44 DEFAULT CHARSET=utf8mb4 COLLATE=utf8mb4_unicode_ci;

-- Dumping data for table food_park.product_galleries: ~39 rows (approximately)
DELETE FROM `product_galleries`;
INSERT INTO `product_galleries` (`id`, `product_id`, `image`, `created_at`, `updated_at`) VALUES
	(1, 32, '/uploads/media_650a920b7980c.png', '2023-09-20 00:32:43', '2023-09-20 00:32:43'),
	(2, 32, '/uploads/media_650a92105906b.jpg', '2023-09-20 00:32:48', '2023-09-20 00:32:48'),
	(3, 32, '/uploads/media_650a9218c21a6.png', '2023-09-20 00:32:56', '2023-09-20 00:32:56'),
	(4, 32, '/uploads/media_650a9220319c3.png', '2023-09-20 00:33:04', '2023-09-20 00:33:04'),
	(5, 31, '/uploads/media_650a922d0b98b.jpg', '2023-09-20 00:33:17', '2023-09-20 00:33:17'),
	(6, 31, '/uploads/media_650a923432d80.png', '2023-09-20 00:33:24', '2023-09-20 00:33:24'),
	(7, 31, '/uploads/media_650a923b315e7.png', '2023-09-20 00:33:31', '2023-09-20 00:33:31'),
	(8, 31, '/uploads/media_650a9241a8a2d.png', '2023-09-20 00:33:37', '2023-09-20 00:33:37'),
	(9, 30, '/uploads/media_650a9248c70a2.jpg', '2023-09-20 00:33:44', '2023-09-20 00:33:44'),
	(10, 30, '/uploads/media_650a924f93949.jpg', '2023-09-20 00:33:51', '2023-09-20 00:33:51'),
	(11, 30, '/uploads/media_650a9254e1cf7.jpg', '2023-09-20 00:33:56', '2023-09-20 00:33:56'),
	(12, 30, '/uploads/media_650a925a455c2.jpg', '2023-09-20 00:34:02', '2023-09-20 00:34:02'),
	(13, 29, '/uploads/media_650a9265b0b35.png', '2023-09-20 00:34:13', '2023-09-20 00:34:13'),
	(14, 29, '/uploads/media_650a926c00dc1.jpg', '2023-09-20 00:34:20', '2023-09-20 00:34:20'),
	(15, 29, '/uploads/media_650a92711ad6a.png', '2023-09-20 00:34:25', '2023-09-20 00:34:25'),
	(16, 29, '/uploads/media_650a927e2b5da.jpg', '2023-09-20 00:34:38', '2023-09-20 00:34:38'),
	(17, 28, '/uploads/media_650a928a266ad.jpg', '2023-09-20 00:34:50', '2023-09-20 00:34:50'),
	(18, 28, '/uploads/media_650a9293b861f.png', '2023-09-20 00:34:59', '2023-09-20 00:34:59'),
	(19, 28, '/uploads/media_650a929c4cfe1.jpg', '2023-09-20 00:35:08', '2023-09-20 00:35:08'),
	(20, 28, '/uploads/media_650a92a1e78ee.jpg', '2023-09-20 00:35:13', '2023-09-20 00:35:13'),
	(21, 27, '/uploads/media_650a92aab989c.jpg', '2023-09-20 00:35:22', '2023-09-20 00:35:22'),
	(22, 27, '/uploads/media_650a92b5c092f.jpg', '2023-09-20 00:35:33', '2023-09-20 00:35:33'),
	(23, 27, '/uploads/media_650a92be5e281.jpg', '2023-09-20 00:35:42', '2023-09-20 00:35:42'),
	(24, 27, '/uploads/media_650a92c5b72d6.png', '2023-09-20 00:35:49', '2023-09-20 00:35:49'),
	(25, 26, '/uploads/media_650a92ce11b95.jpg', '2023-09-20 00:35:58', '2023-09-20 00:35:58'),
	(26, 26, '/uploads/media_650a92d3c8efe.jpg', '2023-09-20 00:36:03', '2023-09-20 00:36:03'),
	(27, 26, '/uploads/media_650a92d93ce26.png', '2023-09-20 00:36:09', '2023-09-20 00:36:09'),
	(28, 26, '/uploads/media_650a92e430cf0.jpg', '2023-09-20 00:36:20', '2023-09-20 00:36:20'),
	(29, 25, '/uploads/media_650a92ee9a05d.jpg', '2023-09-20 00:36:30', '2023-09-20 00:36:30'),
	(30, 25, '/uploads/media_650a92f57f2b7.png', '2023-09-20 00:36:37', '2023-09-20 00:36:37'),
	(31, 25, '/uploads/media_650a92fd0c412.jpg', '2023-09-20 00:36:45', '2023-09-20 00:36:45'),
	(32, 25, '/uploads/media_650a9303b3eed.jpg', '2023-09-20 00:36:51', '2023-09-20 00:36:51'),
	(33, 24, '/uploads/media_650a93099cd8e.png', '2023-09-20 00:36:57', '2023-09-20 00:36:57'),
	(34, 24, '/uploads/media_650a930e899ed.jpg', '2023-09-20 00:37:02', '2023-09-20 00:37:02'),
	(35, 24, '/uploads/media_650a93148d3a7.jpg', '2023-09-20 00:37:08', '2023-09-20 00:37:08'),
	(36, 24, '/uploads/media_650a931a4b83f.png', '2023-09-20 00:37:14', '2023-09-20 00:37:14'),
	(37, 23, '/uploads/media_650a9320e122b.jpg', '2023-09-20 00:37:20', '2023-09-20 00:37:20'),
	(38, 23, '/uploads/media_650a93259e87e.jpg', '2023-09-20 00:37:25', '2023-09-20 00:37:25'),
	(39, 23, '/uploads/media_650a932cd9029.jpg', '2023-09-20 00:37:32', '2023-09-20 00:37:32'),
	(40, 23, '/uploads/media_650a933358f15.png', '2023-09-20 00:37:39', '2023-09-20 00:37:39'),
	(41, 22, '/uploads/media_650a935fa4749.jpg', '2023-09-20 00:38:23', '2023-09-20 00:38:23'),
	(42, 22, '/uploads/media_650a9364c5308.png', '2023-09-20 00:38:28', '2023-09-20 00:38:28'),
	(43, 22, '/uploads/media_650a93718efd9.jpg', '2023-09-20 00:38:41', '2023-09-20 00:38:41');

-- Dumping structure for table food_park.product_options
DROP TABLE IF EXISTS `product_options`;
CREATE TABLE IF NOT EXISTS `product_options` (
  `id` bigint unsigned NOT NULL AUTO_INCREMENT,
  `product_id` bigint unsigned NOT NULL,
  `name` varchar(255) COLLATE utf8mb4_unicode_ci NOT NULL,
  `price` double NOT NULL,
  `created_at` timestamp NULL DEFAULT NULL,
  `updated_at` timestamp NULL DEFAULT NULL,
  PRIMARY KEY (`id`),
  KEY `product_options_product_id_foreign` (`product_id`),
  CONSTRAINT `product_options_product_id_foreign` FOREIGN KEY (`product_id`) REFERENCES `products` (`id`) ON DELETE CASCADE
) ENGINE=InnoDB AUTO_INCREMENT=65 DEFAULT CHARSET=utf8mb4 COLLATE=utf8mb4_unicode_ci;

-- Dumping data for table food_park.product_options: ~64 rows (approximately)
DELETE FROM `product_options`;
INSERT INTO `product_options` (`id`, `product_id`, `name`, `price`, `created_at`, `updated_at`) VALUES
	(1, 1, 'Coca-Cola', 5, '2023-09-20 01:18:42', '2023-09-20 01:18:42'),
	(2, 1, 'Extra Cheese', 10, '2023-09-20 01:18:42', '2023-09-20 01:18:42'),
	(3, 2, 'Coca-Cola', 5, '2023-09-20 01:18:42', '2023-09-20 01:18:42'),
	(4, 2, 'Extra Cheese', 10, '2023-09-20 01:18:42', '2023-09-20 01:18:42'),
	(5, 3, 'Coca-Cola', 5, '2023-09-20 01:18:42', '2023-09-20 01:18:42'),
	(6, 3, 'Extra Cheese', 10, '2023-09-20 01:18:42', '2023-09-20 01:18:42'),
	(7, 4, 'Coca-Cola', 5, '2023-09-20 01:18:42', '2023-09-20 01:18:42'),
	(8, 4, 'Extra Cheese', 10, '2023-09-20 01:18:42', '2023-09-20 01:18:42'),
	(9, 5, 'Coca-Cola', 5, '2023-09-20 01:18:42', '2023-09-20 01:18:42'),
	(10, 5, 'Extra Cheese', 10, '2023-09-20 01:18:42', '2023-09-20 01:18:42'),
	(11, 6, 'Coca-Cola', 5, '2023-09-20 01:18:42', '2023-09-20 01:18:42'),
	(12, 6, 'Extra Cheese', 10, '2023-09-20 01:18:42', '2023-09-20 01:18:42'),
	(13, 7, 'Coca-Cola', 5, '2023-09-20 01:18:42', '2023-09-20 01:18:42'),
	(14, 7, 'Extra Cheese', 10, '2023-09-20 01:18:42', '2023-09-20 01:18:42'),
	(15, 8, 'Coca-Cola', 5, '2023-09-20 01:18:42', '2023-09-20 01:18:42'),
	(16, 8, 'Extra Cheese', 10, '2023-09-20 01:18:42', '2023-09-20 01:18:42'),
	(17, 9, 'Coca-Cola', 5, '2023-09-20 01:18:42', '2023-09-20 01:18:42'),
	(18, 9, 'Extra Cheese', 10, '2023-09-20 01:18:42', '2023-09-20 01:18:42'),
	(19, 10, 'Coca-Cola', 5, '2023-09-20 01:18:42', '2023-09-20 01:18:42'),
	(20, 10, 'Extra Cheese', 10, '2023-09-20 01:18:42', '2023-09-20 01:18:42'),
	(21, 11, 'Coca-Cola', 5, '2023-09-20 01:18:42', '2023-09-20 01:18:42'),
	(22, 11, 'Extra Cheese', 10, '2023-09-20 01:18:42', '2023-09-20 01:18:42'),
	(23, 12, 'Coca-Cola', 5, '2023-09-20 01:18:42', '2023-09-20 01:18:42'),
	(24, 12, 'Extra Cheese', 10, '2023-09-20 01:18:42', '2023-09-20 01:18:42'),
	(25, 13, 'Coca-Cola', 5, '2023-09-20 01:18:42', '2023-09-20 01:18:42'),
	(26, 13, 'Extra Cheese', 10, '2023-09-20 01:18:42', '2023-09-20 01:18:42'),
	(27, 14, 'Coca-Cola', 5, '2023-09-20 01:18:42', '2023-09-20 01:18:42'),
	(28, 14, 'Extra Cheese', 10, '2023-09-20 01:18:42', '2023-09-20 01:18:42'),
	(29, 15, 'Coca-Cola', 5, '2023-09-20 01:18:42', '2023-09-20 01:18:42'),
	(30, 15, 'Extra Cheese', 10, '2023-09-20 01:18:42', '2023-09-20 01:18:42'),
	(31, 16, 'Coca-Cola', 5, '2023-09-20 01:18:42', '2023-09-20 01:18:42'),
	(32, 16, 'Extra Cheese', 10, '2023-09-20 01:18:42', '2023-09-20 01:18:42'),
	(33, 17, 'Coca-Cola', 5, '2023-09-20 01:18:42', '2023-09-20 01:18:42'),
	(34, 17, 'Extra Cheese', 10, '2023-09-20 01:18:42', '2023-09-20 01:18:42'),
	(35, 18, 'Coca-Cola', 5, '2023-09-20 01:18:42', '2023-09-20 01:18:42'),
	(36, 18, 'Extra Cheese', 10, '2023-09-20 01:18:42', '2023-09-20 01:18:42'),
	(37, 19, 'Coca-Cola', 5, '2023-09-20 01:18:42', '2023-09-20 01:18:42'),
	(38, 19, 'Extra Cheese', 10, '2023-09-20 01:18:42', '2023-09-20 01:18:42'),
	(39, 20, 'Coca-Cola', 5, '2023-09-20 01:18:42', '2023-09-20 01:18:42'),
	(40, 20, 'Extra Cheese', 10, '2023-09-20 01:18:42', '2023-09-20 01:18:42'),
	(41, 21, 'Coca-Cola', 5, '2023-09-20 01:18:42', '2023-09-20 01:18:42'),
	(42, 21, 'Extra Cheese', 10, '2023-09-20 01:18:42', '2023-09-20 01:18:42'),
	(43, 22, 'Coca-Cola', 5, '2023-09-20 01:18:42', '2023-09-20 01:18:42'),
	(44, 22, 'Extra Cheese', 10, '2023-09-20 01:18:42', '2023-09-20 01:18:42'),
	(45, 23, 'Coca-Cola', 5, '2023-09-20 01:18:42', '2023-09-20 01:18:42'),
	(46, 23, 'Extra Cheese', 10, '2023-09-20 01:18:42', '2023-09-20 01:18:42'),
	(47, 24, 'Coca-Cola', 5, '2023-09-20 01:18:42', '2023-09-20 01:18:42'),
	(48, 24, 'Extra Cheese', 10, '2023-09-20 01:18:42', '2023-09-20 01:18:42'),
	(49, 25, 'Coca-Cola', 5, '2023-09-20 01:18:42', '2023-09-20 01:18:42'),
	(50, 25, 'Extra Cheese', 10, '2023-09-20 01:18:42', '2023-09-20 01:18:42'),
	(51, 26, 'Coca-Cola', 5, '2023-09-20 01:18:42', '2023-09-20 01:18:42'),
	(52, 26, 'Extra Cheese', 10, '2023-09-20 01:18:42', '2023-09-20 01:18:42'),
	(53, 27, 'Coca-Cola', 5, '2023-09-20 01:18:42', '2023-09-20 01:18:42'),
	(54, 27, 'Extra Cheese', 10, '2023-09-20 01:18:42', '2023-09-20 01:18:42'),
	(55, 28, 'Coca-Cola', 5, '2023-09-20 01:18:42', '2023-09-20 01:18:42'),
	(56, 28, 'Extra Cheese', 10, '2023-09-20 01:18:42', '2023-09-20 01:18:42'),
	(57, 29, 'Coca-Cola', 5, '2023-09-20 01:18:42', '2023-09-20 01:18:42'),
	(58, 29, 'Extra Cheese', 10, '2023-09-20 01:18:42', '2023-09-20 01:18:42'),
	(59, 30, 'Coca-Cola', 5, '2023-09-20 01:18:42', '2023-09-20 01:18:42'),
	(60, 30, 'Extra Cheese', 10, '2023-09-20 01:18:42', '2023-09-20 01:18:42'),
	(61, 31, 'Coca-Cola', 5, '2023-09-20 01:18:42', '2023-09-20 01:18:42'),
	(62, 31, 'Extra Cheese', 10, '2023-09-20 01:18:42', '2023-09-20 01:18:42'),
	(63, 32, 'Coca-Cola', 5, '2023-09-20 01:18:42', '2023-09-20 01:18:42'),
	(64, 32, 'Extra Cheese', 10, '2023-09-20 01:18:42', '2023-09-20 01:18:42');

-- Dumping structure for table food_park.product_ratings
DROP TABLE IF EXISTS `product_ratings`;
CREATE TABLE IF NOT EXISTS `product_ratings` (
  `id` bigint unsigned NOT NULL AUTO_INCREMENT,
  `user_id` bigint unsigned NOT NULL,
  `product_id` bigint unsigned NOT NULL,
  `rating` int NOT NULL,
  `review` text COLLATE utf8mb4_unicode_ci NOT NULL,
  `status` tinyint(1) NOT NULL,
  `created_at` timestamp NULL DEFAULT NULL,
  `updated_at` timestamp NULL DEFAULT NULL,
  PRIMARY KEY (`id`),
  KEY `product_ratings_user_id_foreign` (`user_id`),
  KEY `product_ratings_product_id_foreign` (`product_id`),
  CONSTRAINT `product_ratings_product_id_foreign` FOREIGN KEY (`product_id`) REFERENCES `products` (`id`) ON DELETE CASCADE,
  CONSTRAINT `product_ratings_user_id_foreign` FOREIGN KEY (`user_id`) REFERENCES `users` (`id`)
) ENGINE=InnoDB DEFAULT CHARSET=utf8mb4 COLLATE=utf8mb4_unicode_ci;

-- Dumping data for table food_park.product_ratings: ~0 rows (approximately)
DELETE FROM `product_ratings`;

-- Dumping structure for table food_park.product_sizes
DROP TABLE IF EXISTS `product_sizes`;
CREATE TABLE IF NOT EXISTS `product_sizes` (
  `id` bigint unsigned NOT NULL AUTO_INCREMENT,
  `product_id` bigint unsigned NOT NULL,
  `name` varchar(255) COLLATE utf8mb4_unicode_ci NOT NULL,
  `price` double NOT NULL,
  `created_at` timestamp NULL DEFAULT NULL,
  `updated_at` timestamp NULL DEFAULT NULL,
  PRIMARY KEY (`id`),
  KEY `product_sizes_product_id_foreign` (`product_id`),
  CONSTRAINT `product_sizes_product_id_foreign` FOREIGN KEY (`product_id`) REFERENCES `products` (`id`) ON DELETE CASCADE
) ENGINE=InnoDB AUTO_INCREMENT=100 DEFAULT CHARSET=utf8mb4 COLLATE=utf8mb4_unicode_ci;

-- Dumping data for table food_park.product_sizes: ~96 rows (approximately)
DELETE FROM `product_sizes`;
INSERT INTO `product_sizes` (`id`, `product_id`, `name`, `price`, `created_at`, `updated_at`) VALUES
	(4, 1, 'Large', 30, '2023-09-20 01:18:42', '2023-09-20 01:18:42'),
	(5, 1, 'Medium', 20, '2023-09-20 01:18:42', '2023-09-20 01:18:42'),
	(6, 1, 'Small', 10, '2023-09-20 01:18:42', '2023-09-20 01:18:42'),
	(7, 2, 'Large', 30, '2023-09-20 01:18:42', '2023-09-20 01:18:42'),
	(8, 2, 'Medium', 20, '2023-09-20 01:18:42', '2023-09-20 01:18:42'),
	(9, 2, 'Small', 10, '2023-09-20 01:18:42', '2023-09-20 01:18:42'),
	(10, 3, 'Large', 30, '2023-09-20 01:18:42', '2023-09-20 01:18:42'),
	(11, 3, 'Medium', 20, '2023-09-20 01:18:42', '2023-09-20 01:18:42'),
	(12, 3, 'Small', 10, '2023-09-20 01:18:42', '2023-09-20 01:18:42'),
	(13, 4, 'Large', 30, '2023-09-20 01:18:42', '2023-09-20 01:18:42'),
	(14, 4, 'Medium', 20, '2023-09-20 01:18:42', '2023-09-20 01:18:42'),
	(15, 4, 'Small', 10, '2023-09-20 01:18:42', '2023-09-20 01:18:42'),
	(16, 5, 'Large', 30, '2023-09-20 01:18:42', '2023-09-20 01:18:42'),
	(17, 5, 'Medium', 20, '2023-09-20 01:18:42', '2023-09-20 01:18:42'),
	(18, 5, 'Small', 10, '2023-09-20 01:18:42', '2023-09-20 01:18:42'),
	(19, 6, 'Large', 30, '2023-09-20 01:18:42', '2023-09-20 01:18:42'),
	(20, 6, 'Medium', 20, '2023-09-20 01:18:42', '2023-09-20 01:18:42'),
	(21, 6, 'Small', 10, '2023-09-20 01:18:42', '2023-09-20 01:18:42'),
	(22, 7, 'Large', 30, '2023-09-20 01:18:42', '2023-09-20 01:18:42'),
	(23, 7, 'Medium', 20, '2023-09-20 01:18:42', '2023-09-20 01:18:42'),
	(24, 7, 'Small', 10, '2023-09-20 01:18:42', '2023-09-20 01:18:42'),
	(25, 8, 'Large', 30, '2023-09-20 01:18:42', '2023-09-20 01:18:42'),
	(26, 8, 'Medium', 20, '2023-09-20 01:18:42', '2023-09-20 01:18:42'),
	(27, 8, 'Small', 10, '2023-09-20 01:18:42', '2023-09-20 01:18:42'),
	(28, 9, 'Large', 30, '2023-09-20 01:18:42', '2023-09-20 01:18:42'),
	(29, 9, 'Medium', 20, '2023-09-20 01:18:42', '2023-09-20 01:18:42'),
	(30, 9, 'Small', 10, '2023-09-20 01:18:42', '2023-09-20 01:18:42'),
	(31, 10, 'Large', 30, '2023-09-20 01:18:42', '2023-09-20 01:18:42'),
	(32, 10, 'Medium', 20, '2023-09-20 01:18:42', '2023-09-20 01:18:42'),
	(33, 10, 'Small', 10, '2023-09-20 01:18:42', '2023-09-20 01:18:42'),
	(34, 11, 'Large', 30, '2023-09-20 01:18:42', '2023-09-20 01:18:42'),
	(35, 11, 'Medium', 20, '2023-09-20 01:18:42', '2023-09-20 01:18:42'),
	(36, 11, 'Small', 10, '2023-09-20 01:18:42', '2023-09-20 01:18:42'),
	(37, 12, 'Large', 30, '2023-09-20 01:18:42', '2023-09-20 01:18:42'),
	(38, 12, 'Medium', 20, '2023-09-20 01:18:42', '2023-09-20 01:18:42'),
	(39, 12, 'Small', 10, '2023-09-20 01:18:42', '2023-09-20 01:18:42'),
	(40, 13, 'Large', 30, '2023-09-20 01:18:42', '2023-09-20 01:18:42'),
	(41, 13, 'Medium', 20, '2023-09-20 01:18:42', '2023-09-20 01:18:42'),
	(42, 13, 'Small', 10, '2023-09-20 01:18:42', '2023-09-20 01:18:42'),
	(43, 14, 'Large', 30, '2023-09-20 01:18:42', '2023-09-20 01:18:42'),
	(44, 14, 'Medium', 20, '2023-09-20 01:18:42', '2023-09-20 01:18:42'),
	(45, 14, 'Small', 10, '2023-09-20 01:18:42', '2023-09-20 01:18:42'),
	(46, 15, 'Large', 30, '2023-09-20 01:18:42', '2023-09-20 01:18:42'),
	(47, 15, 'Medium', 20, '2023-09-20 01:18:42', '2023-09-20 01:18:42'),
	(48, 15, 'Small', 10, '2023-09-20 01:18:42', '2023-09-20 01:18:42'),
	(49, 16, 'Large', 30, '2023-09-20 01:18:42', '2023-09-20 01:18:42'),
	(50, 16, 'Medium', 20, '2023-09-20 01:18:42', '2023-09-20 01:18:42'),
	(51, 16, 'Small', 10, '2023-09-20 01:18:42', '2023-09-20 01:18:42'),
	(52, 17, 'Large', 30, '2023-09-20 01:18:42', '2023-09-20 01:18:42'),
	(53, 17, 'Medium', 20, '2023-09-20 01:18:42', '2023-09-20 01:18:42'),
	(54, 17, 'Small', 10, '2023-09-20 01:18:42', '2023-09-20 01:18:42'),
	(55, 18, 'Large', 30, '2023-09-20 01:18:42', '2023-09-20 01:18:42'),
	(56, 18, 'Medium', 20, '2023-09-20 01:18:42', '2023-09-20 01:18:42'),
	(57, 18, 'Small', 10, '2023-09-20 01:18:42', '2023-09-20 01:18:42'),
	(58, 19, 'Large', 30, '2023-09-20 01:18:42', '2023-09-20 01:18:42'),
	(59, 19, 'Medium', 20, '2023-09-20 01:18:42', '2023-09-20 01:18:42'),
	(60, 19, 'Small', 10, '2023-09-20 01:18:42', '2023-09-20 01:18:42'),
	(61, 20, 'Large', 30, '2023-09-20 01:18:42', '2023-09-20 01:18:42'),
	(62, 20, 'Medium', 20, '2023-09-20 01:18:42', '2023-09-20 01:18:42'),
	(63, 20, 'Small', 10, '2023-09-20 01:18:42', '2023-09-20 01:18:42'),
	(64, 21, 'Large', 30, '2023-09-20 01:18:42', '2023-09-20 01:18:42'),
	(65, 21, 'Medium', 20, '2023-09-20 01:18:42', '2023-09-20 01:18:42'),
	(66, 21, 'Small', 10, '2023-09-20 01:18:42', '2023-09-20 01:18:42'),
	(67, 22, 'Large', 30, '2023-09-20 01:18:42', '2023-09-20 01:18:42'),
	(68, 22, 'Medium', 20, '2023-09-20 01:18:42', '2023-09-20 01:18:42'),
	(69, 22, 'Small', 10, '2023-09-20 01:18:42', '2023-09-20 01:18:42'),
	(70, 23, 'Large', 30, '2023-09-20 01:18:42', '2023-09-20 01:18:42'),
	(71, 23, 'Medium', 20, '2023-09-20 01:18:42', '2023-09-20 01:18:42'),
	(72, 23, 'Small', 10, '2023-09-20 01:18:42', '2023-09-20 01:18:42'),
	(73, 24, 'Large', 30, '2023-09-20 01:18:42', '2023-09-20 01:18:42'),
	(74, 24, 'Medium', 20, '2023-09-20 01:18:42', '2023-09-20 01:18:42'),
	(75, 24, 'Small', 10, '2023-09-20 01:18:42', '2023-09-20 01:18:42'),
	(76, 25, 'Large', 30, '2023-09-20 01:18:42', '2023-09-20 01:18:42'),
	(77, 25, 'Medium', 20, '2023-09-20 01:18:42', '2023-09-20 01:18:42'),
	(78, 25, 'Small', 10, '2023-09-20 01:18:42', '2023-09-20 01:18:42'),
	(79, 26, 'Large', 30, '2023-09-20 01:18:42', '2023-09-20 01:18:42'),
	(80, 26, 'Medium', 20, '2023-09-20 01:18:42', '2023-09-20 01:18:42'),
	(81, 26, 'Small', 10, '2023-09-20 01:18:42', '2023-09-20 01:18:42'),
	(82, 27, 'Large', 30, '2023-09-20 01:18:42', '2023-09-20 01:18:42'),
	(83, 27, 'Medium', 20, '2023-09-20 01:18:42', '2023-09-20 01:18:42'),
	(84, 27, 'Small', 10, '2023-09-20 01:18:42', '2023-09-20 01:18:42'),
	(85, 28, 'Large', 30, '2023-09-20 01:18:42', '2023-09-20 01:18:42'),
	(86, 28, 'Medium', 20, '2023-09-20 01:18:42', '2023-09-20 01:18:42'),
	(87, 28, 'Small', 10, '2023-09-20 01:18:42', '2023-09-20 01:18:42'),
	(88, 29, 'Large', 30, '2023-09-20 01:18:42', '2023-09-20 01:18:42'),
	(89, 29, 'Medium', 20, '2023-09-20 01:18:42', '2023-09-20 01:18:42'),
	(90, 29, 'Small', 10, '2023-09-20 01:18:42', '2023-09-20 01:18:42'),
	(91, 30, 'Large', 30, '2023-09-20 01:18:42', '2023-09-20 01:18:42'),
	(92, 30, 'Medium', 20, '2023-09-20 01:18:42', '2023-09-20 01:18:42'),
	(93, 30, 'Small', 10, '2023-09-20 01:18:42', '2023-09-20 01:18:42'),
	(94, 31, 'Large', 30, '2023-09-20 01:18:42', '2023-09-20 01:18:42'),
	(95, 31, 'Medium', 20, '2023-09-20 01:18:42', '2023-09-20 01:18:42'),
	(96, 31, 'Small', 10, '2023-09-20 01:18:42', '2023-09-20 01:18:42'),
	(97, 32, 'Large', 30, '2023-09-20 01:18:42', '2023-09-20 01:18:42'),
	(98, 32, 'Medium', 20, '2023-09-20 01:18:42', '2023-09-20 01:18:42'),
	(99, 32, 'Small', 10, '2023-09-20 01:18:42', '2023-09-20 01:18:42');

-- Dumping structure for table food_park.reservations
DROP TABLE IF EXISTS `reservations`;
CREATE TABLE IF NOT EXISTS `reservations` (
  `id` bigint unsigned NOT NULL AUTO_INCREMENT,
  `reservation_id` varchar(255) COLLATE utf8mb4_unicode_ci NOT NULL,
  `user_id` bigint unsigned NOT NULL,
  `name` varchar(255) COLLATE utf8mb4_unicode_ci NOT NULL,
  `phone` varchar(255) COLLATE utf8mb4_unicode_ci NOT NULL,
  `date` date NOT NULL,
  `time` varchar(255) COLLATE utf8mb4_unicode_ci NOT NULL,
  `persons` int NOT NULL,
  `status` varchar(255) COLLATE utf8mb4_unicode_ci NOT NULL,
  `created_at` timestamp NULL DEFAULT NULL,
  `updated_at` timestamp NULL DEFAULT NULL,
  PRIMARY KEY (`id`)
) ENGINE=InnoDB AUTO_INCREMENT=3 DEFAULT CHARSET=utf8mb4 COLLATE=utf8mb4_unicode_ci;

-- Dumping data for table food_park.reservations: ~2 rows (approximately)
DELETE FROM `reservations`;
INSERT INTO `reservations` (`id`, `reservation_id`, `user_id`, `name`, `phone`, `date`, `time`, `persons`, `status`, `created_at`, `updated_at`) VALUES
	(1, '23199', 3, 'jhone Deo', '+1 (106) 882-8138', '2023-09-29', '9:00 AM-10:00 AM', 5, 'pending', '2023-09-20 01:58:55', '2023-09-20 01:58:55'),
	(2, '268730', 3, 'jhone Deo', '+1 (106) 882-8138', '2023-09-22', '11:00 AM-12:00 AM', 4, 'pending', '2023-09-20 01:59:13', '2023-09-20 01:59:13');

-- Dumping structure for table food_park.reservation_times
DROP TABLE IF EXISTS `reservation_times`;
CREATE TABLE IF NOT EXISTS `reservation_times` (
  `id` bigint unsigned NOT NULL AUTO_INCREMENT,
  `start_time` varchar(255) COLLATE utf8mb4_unicode_ci NOT NULL,
  `end_time` varchar(255) COLLATE utf8mb4_unicode_ci NOT NULL,
  `status` tinyint(1) NOT NULL DEFAULT '1',
  `created_at` timestamp NULL DEFAULT NULL,
  `updated_at` timestamp NULL DEFAULT NULL,
  PRIMARY KEY (`id`)
) ENGINE=InnoDB AUTO_INCREMENT=6 DEFAULT CHARSET=utf8mb4 COLLATE=utf8mb4_unicode_ci;

-- Dumping data for table food_park.reservation_times: ~4 rows (approximately)
DELETE FROM `reservation_times`;
INSERT INTO `reservation_times` (`id`, `start_time`, `end_time`, `status`, `created_at`, `updated_at`) VALUES
	(1, '9:00 AM', '10:00 AM', 1, '2023-09-20 01:57:30', '2023-09-20 01:57:30'),
	(2, '11:00 AM', '12:00 AM', 1, '2023-09-20 01:57:54', '2023-09-20 01:57:54'),
	(3, '1:00 PM', '2:00 PM', 1, '2023-09-20 01:58:15', '2023-09-20 01:58:15'),
	(4, '3:00 PM', '4:00 PM', 1, '2023-09-20 01:58:26', '2023-09-20 01:58:26'),
	(5, '5:00 PM', '6:00 PM', 1, '2023-09-20 01:58:37', '2023-09-20 01:58:37');

-- Dumping structure for table food_park.section_titles
DROP TABLE IF EXISTS `section_titles`;
CREATE TABLE IF NOT EXISTS `section_titles` (
  `id` bigint unsigned NOT NULL AUTO_INCREMENT,
  `key` text COLLATE utf8mb4_unicode_ci,
  `value` text COLLATE utf8mb4_unicode_ci,
  `created_at` timestamp NULL DEFAULT NULL,
  `updated_at` timestamp NULL DEFAULT NULL,
  PRIMARY KEY (`id`)
) ENGINE=InnoDB AUTO_INCREMENT=16 DEFAULT CHARSET=utf8mb4 COLLATE=utf8mb4_unicode_ci;

-- Dumping data for table food_park.section_titles: ~12 rows (approximately)
DELETE FROM `section_titles`;
INSERT INTO `section_titles` (`id`, `key`, `value`, `created_at`, `updated_at`) VALUES
	(4, 'why_choose_top_title', 'why choose us', '2023-07-16 00:04:13', '2023-09-02 04:42:34'),
	(5, 'why_choose_main_title', 'why choose us', '2023-07-16 00:04:13', '2023-09-02 04:42:34'),
	(6, 'why_choose_sub_title', 'Objectively pontificate quality models before intuitive information. Dramatically recaptiualize multifunctional materials.', '2023-07-16 00:05:48', '2023-09-02 04:42:34'),
	(7, 'daily_offer_top_title', 'daily offer', '2023-09-02 04:41:02', '2023-09-02 04:41:02'),
	(8, 'daily_offer_main_title', 'up to 75% off for this day', '2023-09-02 04:41:02', '2023-09-02 04:41:02'),
	(9, 'daily_offer_sub_title', 'Objectively pontificate quality models before intuitive information. Dramatically recaptiualize multifunctional materials.', '2023-09-02 04:41:02', '2023-09-02 04:41:02'),
	(10, 'chef_top_title', 'our team', '2023-09-03 22:18:09', '2023-09-03 22:18:09'),
	(11, 'chef_main_title', 'meet our expert chefs', '2023-09-03 22:18:09', '2023-09-03 22:18:09'),
	(12, 'chef_sub_title', 'Objectively pontificate quality models before intuitive information. Dramatically recaptiualize multifunctional materials.', '2023-09-03 22:18:09', '2023-09-03 22:18:09'),
	(13, 'testimonial_top_title', 'testimonial', '2023-09-04 22:24:02', '2023-09-04 22:24:02'),
	(14, 'testimonial_main_title', 'our customar feedbacks', '2023-09-04 22:24:02', '2023-09-04 22:24:02'),
	(15, 'testimonial_sub_title', 'Objectively pontificate quality models before intuitive information. Dramatically recaptiualize multifunctional materials.', '2023-09-04 22:24:02', '2023-09-04 22:24:02');

-- Dumping structure for table food_park.settings
DROP TABLE IF EXISTS `settings`;
CREATE TABLE IF NOT EXISTS `settings` (
  `id` bigint unsigned NOT NULL AUTO_INCREMENT,
  `key` varchar(255) COLLATE utf8mb4_unicode_ci NOT NULL,
  `value` text COLLATE utf8mb4_unicode_ci,
  `created_at` timestamp NULL DEFAULT NULL,
  `updated_at` timestamp NULL DEFAULT NULL,
  PRIMARY KEY (`id`)
) ENGINE=InnoDB AUTO_INCREMENT=28 DEFAULT CHARSET=utf8mb4 COLLATE=utf8mb4_unicode_ci;

-- Dumping data for table food_park.settings: ~27 rows (approximately)
DELETE FROM `settings`;
INSERT INTO `settings` (`id`, `key`, `value`, `created_at`, `updated_at`) VALUES
	(1, 'site_name', 'Food Park', '2023-08-05 04:31:55', '2023-08-06 00:19:16'),
	(2, 'site_default_currency', 'USD', '2023-08-05 04:31:55', '2023-08-06 00:56:35'),
	(3, 'site_currency_icon', '$', '2023-08-05 04:31:55', '2023-08-13 21:43:30'),
	(4, 'site_currency_icon_position', 'left', '2023-08-05 04:31:55', '2023-08-06 01:30:18'),
	(5, 'site_delivery_charge', '50', '2023-08-13 21:43:44', '2023-08-13 21:43:44'),
	(6, 'pusher_app_id', '1659217', '2023-08-26 04:36:34', '2023-08-26 04:36:34'),
	(7, 'pusher_key', 'be9d8c800e229ec729c6', '2023-08-26 04:36:34', '2023-08-26 04:36:34'),
	(8, 'pusher_secret', '52afd25d2a55c3df77e5', '2023-08-26 04:36:34', '2023-08-26 04:36:34'),
	(9, 'pusher_cluster', 'mt1', '2023-08-26 04:36:34', '2023-08-26 04:36:34'),
	(10, 'mail_driver', 'smtp', '2023-09-10 00:35:57', '2023-09-10 00:44:34'),
	(11, 'mail_host', 'sandbox.smtp.mailtrap.io', '2023-09-10 00:35:57', '2023-09-10 00:44:34'),
	(12, 'mail_port', '2525', '2023-09-10 00:35:57', '2023-09-10 00:44:34'),
	(13, 'mail_username', '808ae887829cf7', '2023-09-10 00:35:57', '2023-09-10 00:44:34'),
	(14, 'mail_password', '188d4565252515', '2023-09-10 00:35:57', '2023-09-10 00:44:34'),
	(15, 'mail_encryption', 'tls', '2023-09-10 00:35:57', '2023-09-10 00:44:34'),
	(16, 'mail_from_address', 'food_park@example.com', '2023-09-10 00:35:57', '2023-09-10 00:44:34'),
	(17, 'mail_receive_address', 'support.food_park@example.com', '2023-09-10 00:35:57', '2023-09-10 00:44:34'),
	(18, 'logo', '/uploads/media_650a8e39181c7.png', '2023-09-17 03:27:14', '2023-09-20 00:16:25'),
	(19, 'footer_logo', '/uploads/media_650a8e3920c69.png', '2023-09-17 03:27:14', '2023-09-20 00:16:25'),
	(20, 'favicon', '/uploads/media_650a8e3923b1c.png', '2023-09-17 03:27:14', '2023-09-20 00:16:25'),
	(21, 'breadcrumb', '/uploads/media_650a8e392610d.jpg', '2023-09-17 03:27:14', '2023-09-20 00:16:25'),
	(22, 'site_email', 'foodpark@gmail.com', '2023-09-17 05:18:32', '2023-09-17 05:18:32'),
	(23, 'site_phone', '+96487452145214', '2023-09-17 05:18:32', '2023-09-17 05:18:32'),
	(24, 'site_color', '#ed7011', '2023-09-17 22:02:41', '2023-09-17 22:15:30'),
	(25, 'seo_title', 'Food Park', '2023-09-17 23:17:55', '2023-09-17 23:17:55'),
	(26, 'seo_description', 'test description', '2023-09-17 23:17:55', '2023-09-17 23:17:55'),
	(27, 'seo_keywords', 'food,restaurant', '2023-09-17 23:17:55', '2023-09-17 23:17:55');

-- Dumping structure for table food_park.sliders
DROP TABLE IF EXISTS `sliders`;
CREATE TABLE IF NOT EXISTS `sliders` (
  `id` bigint unsigned NOT NULL AUTO_INCREMENT,
  `image` text COLLATE utf8mb4_unicode_ci NOT NULL,
  `offer` varchar(255) COLLATE utf8mb4_unicode_ci DEFAULT NULL,
  `title` varchar(255) COLLATE utf8mb4_unicode_ci NOT NULL,
  `sub_title` varchar(255) COLLATE utf8mb4_unicode_ci NOT NULL,
  `short_description` varchar(255) COLLATE utf8mb4_unicode_ci NOT NULL,
  `button_link` varchar(255) COLLATE utf8mb4_unicode_ci DEFAULT NULL,
  `status` tinyint(1) NOT NULL DEFAULT '1',
  `created_at` timestamp NULL DEFAULT NULL,
  `updated_at` timestamp NULL DEFAULT NULL,
  PRIMARY KEY (`id`)
) ENGINE=InnoDB AUTO_INCREMENT=4 DEFAULT CHARSET=utf8mb4 COLLATE=utf8mb4_unicode_ci;

-- Dumping data for table food_park.sliders: ~2 rows (approximately)
DELETE FROM `sliders`;
INSERT INTO `sliders` (`id`, `image`, `offer`, `title`, `sub_title`, `short_description`, `button_link`, `status`, `created_at`, `updated_at`) VALUES
	(1, '/uploads/media_650a6f3831ec9.jpeg', '60% off', 'Different spice for a Different taste', 'Fast Food & Restaurants', 'Lorem ipsum, dolor sit amet consectetur adipisicing elit. Ipsum fugit minima et debitis ut distinctio optio qui voluptate natus.', '#', 1, '2023-09-19 22:04:08', '2023-09-19 22:04:08'),
	(2, '/uploads/media_650a6f8fbd1ff.jpeg', '70% off', 'Great food. Tastes good.', 'Fast Food & Restaurants', 'Lorem ipsum, dolor sit amet consectetur adipisicing elit. Ipsum fugit minima et debitis ut distinctio optio qui voluptate natus.', '#', 1, '2023-09-19 22:05:35', '2023-09-19 22:05:35'),
	(3, '/uploads/media_650a6fd79369c.jpeg', '40% off', 'Eat healthy. Stay healthy.', 'Fast Food & Restaurants', 'Lorem ipsum, dolor sit amet consectetur adipisicing elit. Ipsum fugit minima et debitis ut distinctio optio qui voluptate natus.', '#', 1, '2023-09-19 22:06:47', '2023-09-19 22:06:47');

-- Dumping structure for table food_park.social_links
DROP TABLE IF EXISTS `social_links`;
CREATE TABLE IF NOT EXISTS `social_links` (
  `id` bigint unsigned NOT NULL AUTO_INCREMENT,
  `icon` varchar(255) COLLATE utf8mb4_unicode_ci NOT NULL,
  `name` varchar(255) COLLATE utf8mb4_unicode_ci NOT NULL,
  `link` text COLLATE utf8mb4_unicode_ci NOT NULL,
  `status` tinyint(1) NOT NULL DEFAULT '1',
  `created_at` timestamp NULL DEFAULT NULL,
  `updated_at` timestamp NULL DEFAULT NULL,
  PRIMARY KEY (`id`)
) ENGINE=InnoDB AUTO_INCREMENT=5 DEFAULT CHARSET=utf8mb4 COLLATE=utf8mb4_unicode_ci;

-- Dumping data for table food_park.social_links: ~4 rows (approximately)
DELETE FROM `social_links`;
INSERT INTO `social_links` (`id`, `icon`, `name`, `link`, `status`, `created_at`, `updated_at`) VALUES
	(1, 'fab fa-facebook-f', 'facebook', 'https://facebook.com', 1, '2023-09-19 23:57:42', '2023-09-19 23:57:42'),
	(2, 'fab fa-twitter', 'Twitter', 'https://x.com', 1, '2023-09-19 23:57:59', '2023-09-19 23:57:59'),
	(3, 'fab fa-discord', 'discord', 'https://discord.com', 1, '2023-09-19 23:58:16', '2023-09-19 23:58:16'),
	(4, 'fab fa-linkedin-in', 'linkedin', 'https://linkedin.com', 1, '2023-09-19 23:58:41', '2023-09-19 23:58:41');

-- Dumping structure for table food_park.subscribers
DROP TABLE IF EXISTS `subscribers`;
CREATE TABLE IF NOT EXISTS `subscribers` (
  `id` bigint unsigned NOT NULL AUTO_INCREMENT,
  `email` varchar(255) COLLATE utf8mb4_unicode_ci NOT NULL,
  `created_at` timestamp NULL DEFAULT NULL,
  `updated_at` timestamp NULL DEFAULT NULL,
  PRIMARY KEY (`id`)
) ENGINE=InnoDB DEFAULT CHARSET=utf8mb4 COLLATE=utf8mb4_unicode_ci;

-- Dumping data for table food_park.subscribers: ~0 rows (approximately)
DELETE FROM `subscribers`;

-- Dumping structure for table food_park.testimonials
DROP TABLE IF EXISTS `testimonials`;
CREATE TABLE IF NOT EXISTS `testimonials` (
  `id` bigint unsigned NOT NULL AUTO_INCREMENT,
  `image` varchar(255) COLLATE utf8mb4_unicode_ci NOT NULL,
  `name` varchar(255) COLLATE utf8mb4_unicode_ci NOT NULL,
  `title` varchar(255) COLLATE utf8mb4_unicode_ci NOT NULL,
  `review` text COLLATE utf8mb4_unicode_ci NOT NULL,
  `rating` int NOT NULL,
  `show_at_home` tinyint(1) NOT NULL,
  `status` tinyint(1) NOT NULL,
  `created_at` timestamp NULL DEFAULT NULL,
  `updated_at` timestamp NULL DEFAULT NULL,
  PRIMARY KEY (`id`)
) ENGINE=InnoDB AUTO_INCREMENT=5 DEFAULT CHARSET=utf8mb4 COLLATE=utf8mb4_unicode_ci;

-- Dumping data for table food_park.testimonials: ~4 rows (approximately)
DELETE FROM `testimonials`;
INSERT INTO `testimonials` (`id`, `image`, `name`, `title`, `review`, `rating`, `show_at_home`, `status`, `created_at`, `updated_at`) VALUES
	(1, '/uploads/media_650a83706854b.jpg', 'sumon mahmud', 'nyc usa', 'Lorem ipsum dolor sit amet consectetur adipisicing elit. Aut accusamus praesentium quaerat  nihil magnam a porro eaque numquam', 5, 1, 1, '2023-09-19 23:30:24', '2023-09-19 23:30:24'),
	(2, '/uploads/media_650a8394a77e6.png', 'Jhone Deo', 'nyc usa', 'Lorem ipsum dolor sit amet consectetur adipisicing elit. Aut accusamus praesentium quaerat  nihil magnam a porro eaque numquam', 5, 1, 1, '2023-09-19 23:31:00', '2023-09-19 23:31:00'),
	(3, '/uploads/media_650a83c787418.png', 'Payel Sarkar', 'nyc usa', 'Lorem ipsum dolor sit amet consectetur adipisicing elit. Aut accusamus praesentium quaerat  nihil magnam a porro eaque numquam', 5, 1, 1, '2023-09-19 23:31:51', '2023-09-19 23:31:51'),
	(4, '/uploads/media_650a83ecf1452.png', 'Deo Jhone', 'nyc usa', 'Lorem ipsum dolor sit amet consectetur adipisicing elit. Aut accusamus praesentium quaerat  nihil magnam a porro eaque numquam', 5, 1, 1, '2023-09-19 23:32:28', '2023-09-19 23:32:28');

-- Dumping structure for table food_park.trams_and_conditions
DROP TABLE IF EXISTS `trams_and_conditions`;
CREATE TABLE IF NOT EXISTS `trams_and_conditions` (
  `id` bigint unsigned NOT NULL AUTO_INCREMENT,
  `content` text COLLATE utf8mb4_unicode_ci NOT NULL,
  `created_at` timestamp NULL DEFAULT NULL,
  `updated_at` timestamp NULL DEFAULT NULL,
  PRIMARY KEY (`id`)
) ENGINE=InnoDB AUTO_INCREMENT=2 DEFAULT CHARSET=utf8mb4 COLLATE=utf8mb4_unicode_ci;

-- Dumping data for table food_park.trams_and_conditions: ~0 rows (approximately)
DELETE FROM `trams_and_conditions`;
INSERT INTO `trams_and_conditions` (`id`, `content`, `created_at`, `updated_at`) VALUES
	(1, '<h3>Your agreement:</h3>\r\n                        <p>Lorem ipsum dolor sit amet consectetur adipisicing elit. Ad, repellendus! Nesciunt fugit\r\n                            aliquam\r\n                            doloremque velit ullam quos ad et magnam aperiam eum vero unde cum reprehenderit porro\r\n                            consectetur voluptatum, veritatis blanditiis. Repellendus veritatis fugit maxime nostrum\r\n                            quod\r\n                            ipsum, quibusdam, a omnis quam aperiam pariatur consectetur est perspiciatis. Laboriosam\r\n                            praesentium id asperiores cumque debitis, ex adipisci? Impedit temporibus labore dolores\r\n                            iusto\r\n                            error nobis, porro hic iure placeat, sint esse corporis, quibusdam adipisci magni non minus\r\n                            quo\r\n                            quae repudiandae earum facere eum ad qui voluptatum eaque.</p>\r\n                        <h3>Main responsibilities:</h3>\r\n                        <ul><li>Solve the problem with code.</li><li>Work on Client\'s projects &amp; In-house products as well.</li><li>Analyze the product\'s needs and find out the best solutions.</li><li>Work as a team and lead the junior developer.</li><li>Collaborate with other teams by providing code review and technical direction.</li></ul>\r\n                        <p>Lorem ipsum dolor sit amet consectetur adipisicing elit. Ad, repellendus! Nesciunt fugit\r\n                            aliquam doloremque velit ullam quos ad et magnam aperiam eum vero unde cum reprehenderit\r\n                            porro consectetur voluptatum, veritatis blanditiis. Repellendus veritatis fugit maxime\r\n                            nostrum quod ipsum, quibusdam, a omnis quam aperiam pariatur</p>\r\n                        <p>Lorem ipsum dolor sit amet consectetur adipisicing elit. Ad, repellendus! Nesciunt fugit\r\n                            aliquam\r\n                            doloremque velit ullam quos ad et magnam aperiam eum vero unde cum reprehenderit porro\r\n                            consectetur voluptatum, veritatis blanditiis. Repellendus veritatis fugit maxime nostrum\r\n                            quod\r\n                            ipsum, quibusdam, a omnis quam aperiam pariatur consectetur est perspiciatis. Laboriosam\r\n                            praesentium id asperiores cumque debitis, ex adipisci? Impedit temporibus labore dolores\r\n                            iusto\r\n                            error nobis, porro hic iure placeat, sint esse corporis, quibusdam adipisci magni non minus\r\n                            quo\r\n                            quae repudiandae earum facere eum ad qui voluptatum eaque.</p>\r\n                        <p>Lorem ipsum dolor sit amet consectetur adipisicing elit. Ad, repellendus! Nesciunt fugit\r\n                            aliquam doloremque velit ullam quos ad et magnam aperiam eum vero unde cum reprehenderit\r\n                            porro consectetur voluptatum, veritatis blanditiis. Repellendus veritatis fugit maxime\r\n                            nostrum quod ipsum, quibusdam, a omnis quam aperiam pariatur</p>\r\n                        <ul><li>Solve the problem with code.</li><li>Work on Client\'s projects &amp; In-house products as well.</li><li>Analyze the product\'s needs and find out the best solutions.</li><li>Work as a team and lead the junior developer.</li><li>Collaborate with other teams by providing code review and technical direction.</li></ul>\r\n                        <p>Lorem ipsum dolor sit amet consectetur adipisicing elit. Ad, repellendus! Nesciunt fugit\r\n                            aliquam\r\n                            doloremque velit ullam quos ad et magnam aperiam eum vero unde cum reprehenderit porro\r\n                            consectetur voluptatum, veritatis blanditiis. Repellendus veritatis fugit maxime nostrum\r\n                            quod\r\n                            ipsum, quibusdam, a omnis quam aperiam pariatur consectetur est perspiciatis. Laboriosam\r\n                            praesentium id asperiores cumque debitis, ex adipisci? Impedit temporibus labore dolores\r\n                            iusto\r\n                            error nobis, porro hic iure placeat, sint esse corporis, quibusdam adipisci magni non minus\r\n                            quo\r\n                            quae repudiandae earum facere eum ad qui voluptatum eaque.</p>\r\n                        <p>Lorem ipsum dolor sit amet consectetur adipisicing elit. Ad, repellendus! Nesciunt fugit\r\n                            aliquam doloremque velit ullam quos ad et magnam aperiam eum vero unde cum reprehenderit\r\n                            porro consectetur voluptatum, veritatis blanditiis. Repellendus veritatis fugit maxime\r\n                            nostrum quod ipsum, quibusdam, a omnis quam aperiam pariatur</p><p></p>', '2023-09-20 00:11:54', '2023-09-20 00:11:54');

-- Dumping structure for table food_park.users
DROP TABLE IF EXISTS `users`;
CREATE TABLE IF NOT EXISTS `users` (
  `id` bigint unsigned NOT NULL AUTO_INCREMENT,
  `avatar` varchar(255) COLLATE utf8mb4_unicode_ci NOT NULL DEFAULT '/uploads/avatar.png',
  `name` varchar(255) COLLATE utf8mb4_unicode_ci NOT NULL,
  `email` varchar(255) COLLATE utf8mb4_unicode_ci NOT NULL,
  `role` enum('user','admin') COLLATE utf8mb4_unicode_ci NOT NULL DEFAULT 'user',
  `email_verified_at` timestamp NULL DEFAULT NULL,
  `password` varchar(255) COLLATE utf8mb4_unicode_ci NOT NULL,
  `remember_token` varchar(100) COLLATE utf8mb4_unicode_ci DEFAULT NULL,
  `created_at` timestamp NULL DEFAULT NULL,
  `updated_at` timestamp NULL DEFAULT NULL,
  PRIMARY KEY (`id`),
  UNIQUE KEY `users_email_unique` (`email`)
) ENGINE=InnoDB AUTO_INCREMENT=4 DEFAULT CHARSET=utf8mb4 COLLATE=utf8mb4_unicode_ci;

-- Dumping data for table food_park.users: ~2 rows (approximately)
DELETE FROM `users`;
INSERT INTO `users` (`id`, `avatar`, `name`, `email`, `role`, `email_verified_at`, `password`, `remember_token`, `created_at`, `updated_at`) VALUES
	(1, '/uploads/avatar.png', 'Admin', 'admin@gmail.com', 'admin', NULL, '$2y$10$92IXUNpkjO0rOQ5byMi.Ye4oKoEa3Ro9llC/.og/at2.uheWG/igi', NULL, NULL, NULL),
	(2, '/uploads/media_650bce8f34d46.png', 'User', 'user@gmail.com', 'user', NULL, '$2y$10$92IXUNpkjO0rOQ5byMi.Ye4oKoEa3Ro9llC/.og/at2.uheWG/igi', NULL, NULL, '2023-09-20 23:03:11'),
	(3, '/uploads/media_650a9196f120d.jpg', 'Jhone Deo', 'jhonedeo@gmail.com', 'user', NULL, '$2y$10$8kMHpzR9kogLoWSh2ve1z.viHcES2jNdmmaytq72lyT0IGKAshj46', NULL, '2023-09-20 00:30:32', '2023-09-20 00:30:46');

-- Dumping structure for table food_park.why_choose_us
DROP TABLE IF EXISTS `why_choose_us`;
CREATE TABLE IF NOT EXISTS `why_choose_us` (
  `id` bigint unsigned NOT NULL AUTO_INCREMENT,
  `icon` varchar(255) COLLATE utf8mb4_unicode_ci NOT NULL,
  `title` varchar(255) COLLATE utf8mb4_unicode_ci NOT NULL,
  `short_description` text COLLATE utf8mb4_unicode_ci NOT NULL,
  `status` tinyint(1) NOT NULL DEFAULT '1',
  `created_at` timestamp NULL DEFAULT NULL,
  `updated_at` timestamp NULL DEFAULT NULL,
  PRIMARY KEY (`id`)
) ENGINE=InnoDB AUTO_INCREMENT=4 DEFAULT CHARSET=utf8mb4 COLLATE=utf8mb4_unicode_ci;

-- Dumping data for table food_park.why_choose_us: ~2 rows (approximately)
DELETE FROM `why_choose_us`;
INSERT INTO `why_choose_us` (`id`, `icon`, `title`, `short_description`, `status`, `created_at`, `updated_at`) VALUES
	(1, 'fas fa-percent', 'discount voucher', 'Lorem ipsum dolor sit amet consectetur adipisicing elit. Est, debitis expedita .', 1, '2023-09-19 22:09:14', '2023-09-19 22:09:14'),
	(2, 'fas fa-bullhorn', 'fresh healthy foods', 'Lorem ipsum dolor sit amet consectetur adipisicing elit. Est, debitis expedita .', 1, '2023-09-19 22:10:17', '2023-09-19 22:10:17'),
	(3, 'fas fa-shipping-fast', 'fast serve on table', 'Lorem ipsum dolor sit amet consectetur adipisicing elit. Est, debitis expedita .', 1, '2023-09-19 22:10:48', '2023-09-19 22:10:48');

-- Dumping structure for table food_park.wishlists
DROP TABLE IF EXISTS `wishlists`;
CREATE TABLE IF NOT EXISTS `wishlists` (
  `id` bigint unsigned NOT NULL AUTO_INCREMENT,
  `user_id` bigint unsigned NOT NULL,
  `product_id` bigint unsigned NOT NULL,
  `created_at` timestamp NULL DEFAULT NULL,
  `updated_at` timestamp NULL DEFAULT NULL,
  PRIMARY KEY (`id`),
  KEY `wishlists_user_id_foreign` (`user_id`),
  KEY `wishlists_product_id_foreign` (`product_id`),
  CONSTRAINT `wishlists_product_id_foreign` FOREIGN KEY (`product_id`) REFERENCES `products` (`id`) ON DELETE CASCADE,
  CONSTRAINT `wishlists_user_id_foreign` FOREIGN KEY (`user_id`) REFERENCES `users` (`id`)
) ENGINE=InnoDB AUTO_INCREMENT=2 DEFAULT CHARSET=utf8mb4 COLLATE=utf8mb4_unicode_ci;

-- Dumping data for table food_park.wishlists: ~0 rows (approximately)
DELETE FROM `wishlists`;
INSERT INTO `wishlists` (`id`, `user_id`, `product_id`, `created_at`, `updated_at`) VALUES
	(1, 2, 25, '2023-09-21 01:38:08', '2023-09-21 01:38:08');

/*!40103 SET TIME_ZONE=IFNULL(@OLD_TIME_ZONE, 'system') */;
/*!40101 SET SQL_MODE=IFNULL(@OLD_SQL_MODE, '') */;
/*!40014 SET FOREIGN_KEY_CHECKS=IFNULL(@OLD_FOREIGN_KEY_CHECKS, 1) */;
/*!40101 SET CHARACTER_SET_CLIENT=@OLD_CHARACTER_SET_CLIENT */;
/*!40111 SET SQL_NOTES=IFNULL(@OLD_SQL_NOTES, 1) */;
